{
  "variable-selector-00": 64286,
  "bx-8-ball": 61697,
  "bx-a-arrow-down": 61698,
  "bx-a-arrow-up": 61699,
  "bx-accessibility": 61700,
  "bx-acorn": 61701,
  "bx-address-book": 61702,
  "bx-air-conditioner": 61703,
  "bx-air": 61704,
  "bx-airplay": 61705,
  "bx-alarm-alt": 61706,
  "bx-alarm-check": 61707,
  "bx-alarm-exclamation": 61708,
  "bx-alarm-minus": 61709,
  "bx-alarm-plus": 61710,
  "bx-alarm-slash": 61711,
  "bx-alarm-z": 61712,
  "bx-alarm": 61713,
  "bx-album-covers": 61714,
  "bx-alert-circle": 61715,
  "bx-alert-octagon": 61716,
  "bx-alert-shield": 61717,
  "bx-alert-square": 61718,
  "bx-alert-triangle": 61719,
  "bx-alien": 61720,
  "bx-align-center": 61721,
  "bx-align-justify": 61722,
  "bx-align-left": 61723,
  "bx-align-right": 61724,
  "bx-ambulance": 61725,
  "bx-ampersand": 61726,
  "bx-analyze": 61727,
  "bx-anchor": 61728,
  "bx-angle": 61729,
  "bx-angry": 61730,
  "bx-animation-bounce": 61731,
  "bx-apartment": 61732,
  "bx-approximate": 61733,
  "bx-apps-alt": 61734,
  "bx-apps": 61735,
  "bx-arch": 61736,
  "bx-archive-alt": 61737,
  "bx-archive-arrow-down": 61738,
  "bx-archive-arrow-up": 61739,
  "bx-archive": 61740,
  "bx-area": 61741,
  "bx-arrow-big-down-line": 61742,
  "bx-arrow-big-down": 61743,
  "bx-arrow-big-left-line": 61744,
  "bx-arrow-big-left": 61745,
  "bx-arrow-big-right-line": 61746,
  "bx-arrow-big-right": 61747,
  "bx-arrow-big-up-line": 61748,
  "bx-arrow-big-up": 61749,
  "bx-arrow-down-circle": 61750,
  "bx-arrow-down-left-circle": 61751,
  "bx-arrow-down-left-square": 61752,
  "bx-arrow-down-left-stroke-circle": 61753,
  "bx-arrow-down-left-stroke-square": 61754,
  "bx-arrow-down-left-stroke": 61755,
  "bx-arrow-down-left": 61756,
  "bx-arrow-down-right-circle": 61757,
  "bx-arrow-down-right-square": 61758,
  "bx-arrow-down-right-stroke-circle": 61759,
  "bx-arrow-down-right-stroke-square": 61760,
  "bx-arrow-down-right-stroke": 61761,
  "bx-arrow-down-right": 61762,
  "bx-arrow-down-square": 61763,
  "bx-arrow-down-stroke-circle": 61764,
  "bx-arrow-down-stroke-square": 61765,
  "bx-arrow-down-stroke": 61766,
  "bx-arrow-down": 61767,
  "bx-arrow-from-bottom-stroke": 61768,
  "bx-arrow-from-left-stroke": 61769,
  "bx-arrow-from-right-stroke": 61770,
  "bx-arrow-from-top-stroke": 61771,
  "bx-arrow-in-down-left-circle": 61772,
  "bx-arrow-in-down-left-square": 61773,
  "bx-arrow-in-down-left-stroke-circle": 61774,
  "bx-arrow-in-down-left-stroke-square": 61775,
  "bx-arrow-in-down-right-circle": 61776,
  "bx-arrow-in-down-right-square": 61777,
  "bx-arrow-in-down-right-stroke-circle": 61778,
  "bx-arrow-in-down-right-stroke-square": 61779,
  "bx-arrow-in-down-square-half": 61780,
  "bx-arrow-in-left-square-half": 61781,
  "bx-arrow-in-right-square-half": 61782,
  "bx-arrow-in-up-left-circle": 61783,
  "bx-arrow-in-up-left-square": 61784,
  "bx-arrow-in-up-left-stroke-circle": 61785,
  "bx-arrow-in-up-left-stroke-square": 61786,
  "bx-arrow-in-up-right-circle": 61787,
  "bx-arrow-in-up-right-square": 61788,
  "bx-arrow-in-up-right-stroke-circle": 61789,
  "bx-arrow-in-up-right-stroke-square": 61790,
  "bx-arrow-in-up-square-half": 61791,
  "bx-arrow-left-circle": 61792,
  "bx-arrow-left-square": 61793,
  "bx-arrow-left-stroke-circle": 61794,
  "bx-arrow-left-stroke-square": 61795,
  "bx-arrow-left-stroke": 61796,
  "bx-arrow-left": 61797,
  "bx-arrow-out-down-left-circle": 61798,
  "bx-arrow-out-down-left-square": 61799,
  "bx-arrow-out-down-left-stroke-circle": 61800,
  "bx-arrow-out-down-left-stroke-square": 61801,
  "bx-arrow-out-down-right-circle": 61802,
  "bx-arrow-out-down-right-square": 61803,
  "bx-arrow-out-down-right-stroke-circle": 61804,
  "bx-arrow-out-down-right-stroke-square": 61805,
  "bx-arrow-out-down-square-half": 61806,
  "bx-arrow-out-left-square-half": 61807,
  "bx-arrow-out-right-square-half": 61808,
  "bx-arrow-out-up-left-circle": 61809,
  "bx-arrow-out-up-left-square": 61810,
  "bx-arrow-out-up-left-stroke-circle": 61811,
  "bx-arrow-out-up-left-stroke-square": 61812,
  "bx-arrow-out-up-right-circle": 61813,
  "bx-arrow-out-up-right-square": 61814,
  "bx-arrow-out-up-right-stroke-circle": 61815,
  "bx-arrow-out-up-right-stroke-square": 61816,
  "bx-arrow-out-up-square-half": 61817,
  "bx-arrow-right-circle": 61818,
  "bx-arrow-right-square": 61819,
  "bx-arrow-right-stroke-circle": 61820,
  "bx-arrow-right-stroke-square": 61821,
  "bx-arrow-right-stroke": 61822,
  "bx-arrow-right": 61823,
  "bx-arrow-s-down": 61824,
  "bx-arrow-s-left": 61825,
  "bx-arrow-s-right": 61826,
  "bx-arrow-s-up": 61827,
  "bx-arrow-to-bottom-stroke": 61828,
  "bx-arrow-to-left-stroke": 61829,
  "bx-arrow-to-right-stroke": 61830,
  "bx-arrow-to-top-stroke": 61831,
  "bx-arrow-up-circle": 61832,
  "bx-arrow-up-left-circle": 61833,
  "bx-arrow-up-left-square": 61834,
  "bx-arrow-up-left-stroke-circle": 61835,
  "bx-arrow-up-left-stroke-square": 61836,
  "bx-arrow-up-left-stroke": 61837,
  "bx-arrow-up-left": 61838,
  "bx-arrow-up-right-circle": 61839,
  "bx-arrow-up-right-square": 61840,
  "bx-arrow-up-right-stroke-circle": 61841,
  "bx-arrow-up-right-stroke-square": 61842,
  "bx-arrow-up-right-stroke": 61843,
  "bx-arrow-up-right": 61844,
  "bx-arrow-up-square": 61845,
  "bx-arrow-up-stroke-circle": 61846,
  "bx-arrow-up-stroke-square": 61847,
  "bx-arrow-up-stroke": 61848,
  "bx-arrow-up": 61849,
  "bx-article": 61850,
  "bx-asterisk": 61851,
  "bx-at": 61852,
  "bx-avocado": 61853,
  "bx-axe": 61854,
  "bx-background-color-fill": 61855,
  "bx-background": 61856,
  "bx-backpack-star": 61857,
  "bx-backpack": 61858,
  "bx-backspace": 61859,
  "bx-badge-check": 61860,
  "bx-badge-exclamation": 61861,
  "bx-badge-info": 61862,
  "bx-badge": 61863,
  "bx-baguette": 61864,
  "bx-balcony": 61865,
  "bx-ball-throw": 61866,
  "bx-balloon": 61867,
  "bx-band-aid": 61868,
  "bx-bank": 61869,
  "bx-bar-chart-big": 61870,
  "bx-bar-chart-square": 61871,
  "bx-bar-chart": 61872,
  "bx-barcode-square": 61873,
  "bx-barcode": 61874,
  "bx-barn": 61875,
  "bx-baseball": 61876,
  "bx-basket": 61877,
  "bx-basketball": 61878,
  "bx-bath": 61879,
  "bx-battery-1": 61880,
  "bx-battery-2": 61881,
  "bx-battery-3": 61882,
  "bx-battery-full": 61883,
  "bx-battery-low": 61884,
  "bx-battery": 61885,
  "bx-beach-ball": 61886,
  "bx-beach": 61887,
  "bx-beaker": 61888,
  "bx-beanie": 61889,
  "bx-bear": 61890,
  "bx-bed-alt": 61891,
  "bx-bed": 61892,
  "bx-beer": 61893,
  "bx-bell-check": 61894,
  "bx-bell-minus": 61895,
  "bx-bell-plus": 61896,
  "bx-bell-ring": 61897,
  "bx-bell-slash": 61898,
  "bx-bell": 61899,
  "bx-bench": 61900,
  "bx-bible": 61901,
  "bx-binocular": 61902,
  "bx-bird-alt": 61903,
  "bx-bird": 61904,
  "bx-birthday-cake": 61905,
  "bx-bitcoin": 61906,
  "bx-blanket": 61907,
  "bx-block": 61908,
  "bx-blockquote": 61909,
  "bx-blocks": 61910,
  "bx-bluetooth": 61911,
  "bx-blur": 61912,
  "bx-body": 61913,
  "bx-bold": 61914,
  "bx-bolt-circle": 61915,
  "bx-bolt-square": 61916,
  "bx-bolt": 61917,
  "bx-bomb": 61918,
  "bx-bone": 61919,
  "bx-bong": 61920,
  "bx-book-add": 61921,
  "bx-book-alt": 61922,
  "bx-book-bookmark": 61923,
  "bx-book-content": 61924,
  "bx-book-heart": 61925,
  "bx-book-library": 61926,
  "bx-book-open": 61927,
  "bx-book": 61928,
  "bx-bookmark-alt": 61929,
  "bx-bookmark-heart": 61930,
  "bx-bookmark-minus-alt": 61931,
  "bx-bookmark-minus": 61932,
  "bx-bookmark-plus-alt": 61933,
  "bx-bookmark-plus": 61934,
  "bx-bookmark-star": 61935,
  "bx-bookmark-x": 61936,
  "bx-bookmark": 61937,
  "bx-bookmarks": 61938,
  "bx-boombox": 61939,
  "bx-boot": 61940,
  "bx-border-all": 61941,
  "bx-border-bottom": 61942,
  "bx-border-inner": 61943,
  "bx-border-left": 61944,
  "bx-border-none": 61945,
  "bx-border-outer": 61946,
  "bx-border-radius": 61947,
  "bx-border-right": 61948,
  "bx-border-top": 61949,
  "bx-bow": 61950,
  "bx-bowl-balls": 61951,
  "bx-bowl-bubbles": 61952,
  "bx-bowl-hot": 61953,
  "bx-bowl-noodles-alt": 61954,
  "bx-bowl-noodles": 61955,
  "bx-bowl-rice": 61956,
  "bx-bowling-ball": 61957,
  "bx-box-alt": 61958,
  "bx-box": 61959,
  "bx-bracket-curly": 61960,
  "bx-bracket-round": 61961,
  "bx-bracket": 61962,
  "bx-braille": 61963,
  "bx-brain": 61964,
  "bx-bread": 61965,
  "bx-brick": 61966,
  "bx-bridge": 61967,
  "bx-briefcase-alt-2": 61968,
  "bx-briefcase-alt": 61969,
  "bx-briefcase": 61970,
  "bx-brightness-half": 61971,
  "bx-brightness": 61972,
  "bx-broadcast": 61973,
  "bx-browser-activity": 61974,
  "bx-brush": 61975,
  "bx-bug-alt": 61976,
  "bx-bug": 61977,
  "bx-building-house": 61978,
  "bx-building": 61979,
  "bx-buildings": 61980,
  "bx-bullseye": 61981,
  "bx-buoy": 61982,
  "bx-burger-alt": 61983,
  "bx-burger": 61984,
  "bx-bus": 61985,
  "bx-business": 61986,
  "bx-button-rounded": 61987,
  "bx-button": 61988,
  "bx-cabinet": 61989,
  "bx-cable-car": 61990,
  "bx-cake-slice": 61991,
  "bx-calculator": 61992,
  "bx-calendar-alt-2": 61993,
  "bx-calendar-alt": 61994,
  "bx-calendar-check": 61995,
  "bx-calendar-cog": 61996,
  "bx-calendar-detail": 61997,
  "bx-calendar-down-arrow": 61998,
  "bx-calendar-event": 61999,
  "bx-calendar-heart": 62000,
  "bx-calendar-minus": 62001,
  "bx-calendar-plus": 62002,
  "bx-calendar-search": 62003,
  "bx-calendar-star": 62004,
  "bx-calendar-up-arrow": 62005,
  "bx-calendar-week": 62006,
  "bx-calendar-x": 62007,
  "bx-calendar": 62008,
  "bx-camcoder": 62009,
  "bx-camera-alt": 62010,
  "bx-camera-flip": 62011,
  "bx-camera-home": 62012,
  "bx-camera-monochrome": 62013,
  "bx-camera-plus": 62014,
  "bx-camera-portrait": 62015,
  "bx-camera-slash": 62016,
  "bx-camera-switch": 62017,
  "bx-camera": 62018,
  "bx-campfire": 62019,
  "bx-camping": 62020,
  "bx-candlestick": 62021,
  "bx-cannabis": 62022,
  "bx-cap": 62023,
  "bx-capitalize": 62024,
  "bx-capsule": 62025,
  "bx-captions-cc": 62026,
  "bx-captions": 62027,
  "bx-capture": 62028,
  "bx-car-battery": 62029,
  "bx-car-key": 62030,
  "bx-car": 62031,
  "bx-card-view-large": 62032,
  "bx-card-view-no-title": 62033,
  "bx-card-view-small": 62034,
  "bx-card-view-tiles": 62035,
  "bx-card-view": 62036,
  "bx-caret-down-circle": 62037,
  "bx-caret-down-square": 62038,
  "bx-caret-down": 62039,
  "bx-caret-left-circle": 62040,
  "bx-caret-left-square": 62041,
  "bx-caret-left": 62042,
  "bx-caret-right-circle": 62043,
  "bx-caret-right-square": 62044,
  "bx-caret-right": 62045,
  "bx-caret-up-circle": 62046,
  "bx-caret-up-square": 62047,
  "bx-caret-up": 62048,
  "bx-carets-down-up": 62049,
  "bx-carets-left-right": 62050,
  "bx-carets-right-left": 62051,
  "bx-carets-up-down": 62052,
  "bx-carrot": 62053,
  "bx-cart-minus": 62054,
  "bx-cart-plus": 62055,
  "bx-cart": 62056,
  "bx-cast": 62057,
  "bx-castle": 62058,
  "bx-cat": 62059,
  "bx-categories": 62060,
  "bx-cctv": 62061,
  "bx-certification": 62062,
  "bx-chair": 62063,
  "bx-champagne": 62064,
  "bx-chart-area": 62065,
  "bx-chart-bar-big-columns": 62066,
  "bx-chart-bar-big-rows": 62067,
  "bx-chart-bar-columns": 62068,
  "bx-chart-bar-rows": 62069,
  "bx-chart-bubble": 62070,
  "bx-chart-gantt": 62071,
  "bx-chart-line": 62072,
  "bx-chart-network": 62073,
  "bx-chart-scatter": 62074,
  "bx-chart-spline": 62075,
  "bx-chart-stacked-columns": 62076,
  "bx-chart-stacked-rows": 62077,
  "bx-chart-trend": 62078,
  "bx-check-circle": 62079,
  "bx-check-square": 62080,
  "bx-check": 62081,
  "bx-checkbox-checked": 62082,
  "bx-checkbox-square": 62083,
  "bx-checkbox": 62084,
  "bx-checklist": 62085,
  "bx-checks": 62086,
  "bx-cheese": 62087,
  "bx-chef-hat": 62088,
  "bx-cherry": 62089,
  "bx-chess-bishop": 62090,
  "bx-chess-king": 62091,
  "bx-chess-knight": 62092,
  "bx-chess-pawn": 62093,
  "bx-chess-queen": 62094,
  "bx-chess-rook": 62095,
  "bx-chess": 62096,
  "bx-chevron-down-circle": 62097,
  "bx-chevron-down-square": 62098,
  "bx-chevron-down": 62099,
  "bx-chevron-left-circle": 62100,
  "bx-chevron-left-square": 62101,
  "bx-chevron-left": 62102,
  "bx-chevron-right-circle": 62103,
  "bx-chevron-right-square": 62104,
  "bx-chevron-right": 62105,
  "bx-chevron-up-circle": 62106,
  "bx-chevron-up-square": 62107,
  "bx-chevron-up": 62108,
  "bx-chevrons-down-up": 62109,
  "bx-chevrons-down": 62110,
  "bx-chevrons-left-right": 62111,
  "bx-chevrons-left": 62112,
  "bx-chevrons-right-left": 62113,
  "bx-chevrons-right": 62114,
  "bx-chevrons-up-down": 62115,
  "bx-chevrons-up": 62116,
  "bx-child": 62117,
  "bx-chip": 62118,
  "bx-church": 62119,
  "bx-cigarette": 62120,
  "bx-circle-dashed-half": 62121,
  "bx-circle-dashed": 62122,
  "bx-circle-half-alt": 62123,
  "bx-circle-half": 62124,
  "bx-circle-hexagon": 62125,
  "bx-circle-outer-dashed-circle": 62126,
  "bx-circle-quarter-alt": 62127,
  "bx-circle-quarter": 62128,
  "bx-circle-three-quarter-alt": 62129,
  "bx-circle-three-quarter": 62130,
  "bx-circle": 62131,
  "bx-city": 62132,
  "bx-clipboard-check": 62133,
  "bx-clipboard-code": 62134,
  "bx-clipboard-detail": 62135,
  "bx-clipboard-minus": 62136,
  "bx-clipboard-plus": 62137,
  "bx-clipboard-x": 62138,
  "bx-clipboard": 62139,
  "bx-clock-1": 62140,
  "bx-clock-10": 62141,
  "bx-clock-11": 62142,
  "bx-clock-12": 62143,
  "bx-clock-2": 62144,
  "bx-clock-3": 62145,
  "bx-clock-4": 62146,
  "bx-clock-5": 62147,
  "bx-clock-6": 62148,
  "bx-clock-7": 62149,
  "bx-clock-8": 62150,
  "bx-clock-9": 62151,
  "bx-cloud-alt": 62152,
  "bx-cloud-drizzle": 62153,
  "bx-cloud-fog": 62154,
  "bx-cloud-lightning": 62155,
  "bx-cloud-moon": 62156,
  "bx-cloud-rain-wind": 62157,
  "bx-cloud-rain": 62158,
  "bx-cloud-snow": 62159,
  "bx-cloud-sun": 62160,
  "bx-cloud": 62161,
  "bx-club": 62162,
  "bx-cocktail": 62163,
  "bx-code-alt": 62164,
  "bx-code": 62165,
  "bx-coffee-beans": 62166,
  "bx-coffee-cup": 62167,
  "bx-coffee": 62168,
  "bx-cog": 62169,
  "bx-cognition": 62170,
  "bx-coin": 62171,
  "bx-coins": 62172,
  "bx-col-resize": 62173,
  "bx-color-fill": 62174,
  "bx-color-wheel": 62175,
  "bx-columns-3": 62176,
  "bx-columns-4": 62177,
  "bx-columns": 62178,
  "bx-command": 62179,
  "bx-community": 62180,
  "bx-compare-alt": 62181,
  "bx-compare": 62182,
  "bx-compass": 62183,
  "bx-component": 62184,
  "bx-computer": 62185,
  "bx-confused": 62186,
  "bx-connector": 62187,
  "bx-contact-book": 62188,
  "bx-contrast": 62189,
  "bx-cookie": 62190,
  "bx-cool": 62191,
  "bx-copy-check": 62192,
  "bx-copy-list": 62193,
  "bx-copy-minus": 62194,
  "bx-copy-plus": 62195,
  "bx-copy-x": 62196,
  "bx-copy": 62197,
  "bx-copyright": 62198,
  "bx-credit-card-alt": 62199,
  "bx-credit-card-front": 62200,
  "bx-credit-card-insert": 62201,
  "bx-credit-card": 62202,
  "bx-cricket-ball": 62203,
  "bx-crop": 62204,
  "bx-crosshair": 62205,
  "bx-crown": 62206,
  "bx-cube-alt": 62207,
  "bx-cube-inside": 62208,
  "bx-cube": 62209,
  "bx-cuboid": 62210,
  "bx-cup-hot": 62211,
  "bx-cup-saucer": 62212,
  "bx-cup-tea": 62213,
  "bx-cup": 62214,
  "bx-cupboard-alt": 62215,
  "bx-cupboard": 62216,
  "bx-cupcake": 62217,
  "bx-currency-note": 62218,
  "bx-currency-notes": 62219,
  "bx-cursor-add": 62220,
  "bx-cursor-cell": 62221,
  "bx-cursor-crosshair-dot": 62222,
  "bx-cursor-crosshair": 62223,
  "bx-cursor-pen": 62224,
  "bx-cursor-pointer": 62225,
  "bx-cursor": 62226,
  "bx-cut": 62227,
  "bx-cycling": 62228,
  "bx-cylinder": 62229,
  "bx-dashboard-alt": 62230,
  "bx-dashboard": 62231,
  "bx-database-alt": 62232,
  "bx-database": 62233,
  "bx-decrease-indent": 62234,
  "bx-department-store": 62235,
  "bx-desert": 62236,
  "bx-desk": 62237,
  "bx-desktop-alt": 62238,
  "bx-desktop": 62239,
  "bx-devices": 62240,
  "bx-dialpad": 62241,
  "bx-diameter": 62242,
  "bx-diamond-alt": 62243,
  "bx-diamond": 62244,
  "bx-diamonds": 62245,
  "bx-dice-1": 62246,
  "bx-dice-2": 62247,
  "bx-dice-3": 62248,
  "bx-dice-4": 62249,
  "bx-dice-5": 62250,
  "bx-dice-6": 62251,
  "bx-dice-roll": 62252,
  "bx-dino": 62253,
  "bx-directions": 62254,
  "bx-disc": 62255,
  "bx-discount": 62256,
  "bx-discussion": 62257,
  "bx-dish": 62258,
  "bx-dishwasher": 62259,
  "bx-dislike": 62260,
  "bx-dizzy": 62261,
  "bx-dna": 62262,
  "bx-dock-bottom-alt": 62263,
  "bx-dock-bottom-arrow": 62264,
  "bx-dock-bottom-left-alt": 62265,
  "bx-dock-bottom-left": 62266,
  "bx-dock-bottom-right-alt": 62267,
  "bx-dock-bottom-right": 62268,
  "bx-dock-bottom": 62269,
  "bx-dock-left-alt": 62270,
  "bx-dock-left-arrow": 62271,
  "bx-dock-left": 62272,
  "bx-dock-right-alt": 62273,
  "bx-dock-right-arrow": 62274,
  "bx-dock-right": 62275,
  "bx-dock-top-alt": 62276,
  "bx-dock-top-arrow": 62277,
  "bx-dock-top-left-alt": 62278,
  "bx-dock-top-left": 62279,
  "bx-dock-top-right-alt": 62280,
  "bx-dock-top-right": 62281,
  "bx-dock-top": 62282,
  "bx-dog-alt": 62283,
  "bx-dog": 62284,
  "bx-dollar-circle-stars": 62285,
  "bx-dollar-circle": 62286,
  "bx-dollar": 62287,
  "bx-donate-blood": 62288,
  "bx-donate-heart": 62289,
  "bx-donut": 62290,
  "bx-door-open": 62291,
  "bx-door": 62292,
  "bx-dots-horizontal-rounded-circle": 62293,
  "bx-dots-horizontal-rounded": 62294,
  "bx-dots-horizontal": 62295,
  "bx-dots-vertical-rounded-circle": 62296,
  "bx-dots-vertical-rounded": 62297,
  "bx-dots-vertical": 62298,
  "bx-doughnut-chart": 62299,
  "bx-draw-ahead": 62300,
  "bx-draw-behind": 62301,
  "bx-draw-inside": 62302,
  "bx-dress": 62303,
  "bx-dribbling": 62304,
  "bx-dropdown": 62305,
  "bx-dryer": 62306,
  "bx-dumbbell-alt": 62307,
  "bx-dumbbell": 62308,
  "bx-ear-alt": 62309,
  "bx-ear-slash": 62310,
  "bx-ear": 62311,
  "bx-earbuds": 62312,
  "bx-ease-in-out": 62313,
  "bx-ease-in": 62314,
  "bx-ease-out": 62315,
  "bx-edit-alt": 62316,
  "bx-edit": 62317,
  "bx-education": 62318,
  "bx-egg-fried": 62319,
  "bx-egg-yolk": 62320,
  "bx-egg": 62321,
  "bx-eject": 62322,
  "bx-enterprise": 62323,
  "bx-envelope-alt": 62324,
  "bx-envelope-open": 62325,
  "bx-envelope": 62326,
  "bx-equal-circle": 62327,
  "bx-equal-square": 62328,
  "bx-equal": 62329,
  "bx-equalizer": 62330,
  "bx-eraser": 62331,
  "bx-euro": 62332,
  "bx-ev-station": 62333,
  "bx-expand-left": 62334,
  "bx-expand-right": 62335,
  "bx-exposure": 62336,
  "bx-extension": 62337,
  "bx-eye-alt": 62338,
  "bx-eye-big": 62339,
  "bx-eye-closed": 62340,
  "bx-eye-slash": 62341,
  "bx-eye": 62342,
  "bx-eyedropper": 62343,
  "bx-face-alt-2": 62344,
  "bx-face-alt-3": 62345,
  "bx-face-alt-4": 62346,
  "bx-face-alt": 62347,
  "bx-face-child": 62348,
  "bx-face-mask": 62349,
  "bx-face": 62350,
  "bx-factory": 62351,
  "bx-fast-forward-circle": 62352,
  "bx-fast-forward": 62353,
  "bx-female": 62354,
  "bx-file-code": 62355,
  "bx-file-cog": 62356,
  "bx-file-detail": 62357,
  "bx-file-heart": 62358,
  "bx-file-minus": 62359,
  "bx-file-plus": 62360,
  "bx-file-report": 62361,
  "bx-file-search": 62362,
  "bx-file-star": 62363,
  "bx-file-x": 62364,
  "bx-file-zip": 62365,
  "bx-file": 62366,
  "bx-film-roll-alt": 62367,
  "bx-film-roll": 62368,
  "bx-film": 62369,
  "bx-filter": 62370,
  "bx-finger-down": 62371,
  "bx-finger-left": 62372,
  "bx-finger-right": 62373,
  "bx-finger-swipe-down": 62374,
  "bx-finger-swipe-left": 62375,
  "bx-finger-swipe-right": 62376,
  "bx-finger-swipe-up": 62377,
  "bx-finger-up": 62378,
  "bx-fingerprint": 62379,
  "bx-fire-alt": 62380,
  "bx-fire-extinguisher": 62381,
  "bx-fire": 62382,
  "bx-first": 62383,
  "bx-fish-alt": 62384,
  "bx-fish": 62385,
  "bx-flag-alt-2": 62386,
  "bx-flag-alt-3": 62387,
  "bx-flag-alt": 62388,
  "bx-flag-chequered": 62389,
  "bx-flag": 62390,
  "bx-flame": 62391,
  "bx-flask-round": 62392,
  "bx-florist": 62393,
  "bx-flower-alt-2": 62394,
  "bx-flower-alt": 62395,
  "bx-flower": 62396,
  "bx-folder-check": 62397,
  "bx-folder-code": 62398,
  "bx-folder-cog": 62399,
  "bx-folder-down-arrow": 62400,
  "bx-folder-heart": 62401,
  "bx-folder-minus": 62402,
  "bx-folder-open": 62403,
  "bx-folder-plus": 62404,
  "bx-folder-search": 62405,
  "bx-folder-star": 62406,
  "bx-folder-up-arrow": 62407,
  "bx-folder-x": 62408,
  "bx-folder-zip": 62409,
  "bx-folder": 62410,
  "bx-font-color": 62411,
  "bx-font-family": 62412,
  "bx-food-menu": 62413,
  "bx-food-tag": 62414,
  "bx-football-kick": 62415,
  "bx-football-pitch": 62416,
  "bx-football": 62417,
  "bx-footsteps": 62418,
  "bx-foreground": 62419,
  "bx-fork-knife": 62420,
  "bx-fork-spoon": 62421,
  "bx-fork": 62422,
  "bx-form": 62423,
  "bx-forward-big": 62424,
  "bx-forward-stroke": 62425,
  "bx-forward": 62426,
  "bx-frame": 62427,
  "bx-fridge": 62428,
  "bx-fullscreen-exit": 62429,
  "bx-fullscreen": 62430,
  "bx-functions": 62431,
  "bx-future": 62432,
  "bx-gallery-horizontal-end": 62433,
  "bx-gallery-horizontal": 62434,
  "bx-gallery-thumbnails": 62435,
  "bx-gallery-vertical-end": 62436,
  "bx-gallery-vertical": 62437,
  "bx-gaming": 62438,
  "bx-garage": 62439,
  "bx-gavel": 62440,
  "bx-gear": 62441,
  "bx-gem": 62442,
  "bx-gestures": 62443,
  "bx-ghost": 62444,
  "bx-gift": 62445,
  "bx-git-branch": 62446,
  "bx-git-commit": 62447,
  "bx-git-compare": 62448,
  "bx-git-merge-queue": 62449,
  "bx-git-merge": 62450,
  "bx-git-pull-request-closed": 62451,
  "bx-git-pull-request-draft": 62452,
  "bx-git-pull-request": 62453,
  "bx-git-repo-forked": 62454,
  "bx-glasses-alt": 62455,
  "bx-glasses": 62456,
  "bx-globe-africa": 62457,
  "bx-globe-alt": 62458,
  "bx-globe-americas": 62459,
  "bx-globe-antartica": 62460,
  "bx-globe-asia": 62461,
  "bx-globe-europe": 62462,
  "bx-globe-oceania": 62463,
  "bx-globe-stand": 62464,
  "bx-globe": 62465,
  "bx-golf-ball": 62466,
  "bx-gradient": 62467,
  "bx-grid-9": 62468,
  "bx-grid-circle-diagonal-left": 62469,
  "bx-grid-circle-diagonal-right": 62470,
  "bx-grid-circle-plus": 62471,
  "bx-grid-circle": 62472,
  "bx-grid-column-left": 62473,
  "bx-grid-column-right": 62474,
  "bx-grid-plus": 62475,
  "bx-grid-row-bottom": 62476,
  "bx-grid-row-top": 62477,
  "bx-grid-search": 62478,
  "bx-grid": 62479,
  "bx-groceries": 62480,
  "bx-group": 62481,
  "bx-guitar-amp": 62482,
  "bx-hail": 62483,
  "bx-hand-rock": 62484,
  "bx-hand": 62485,
  "bx-handheld-alt-1": 62486,
  "bx-handheld-alt": 62487,
  "bx-handheld": 62488,
  "bx-handshake": 62489,
  "bx-hanger": 62490,
  "bx-happy-alt": 62491,
  "bx-happy-beaming": 62492,
  "bx-happy-heart-eyes": 62493,
  "bx-happy": 62494,
  "bx-hard-drive": 62495,
  "bx-hard-hat": 62496,
  "bx-hashtag": 62497,
  "bx-hdmi": 62498,
  "bx-head": 62499,
  "bx-heading-1": 62500,
  "bx-heading-2": 62501,
  "bx-heading-3": 62502,
  "bx-heading": 62503,
  "bx-headphone-alt-2": 62504,
  "bx-headphone-alt": 62505,
  "bx-headphone-mic": 62506,
  "bx-headphone": 62507,
  "bx-heart-break": 62508,
  "bx-heart-circle": 62509,
  "bx-heart-half": 62510,
  "bx-heart-plus": 62511,
  "bx-heart-square": 62512,
  "bx-heart": 62513,
  "bx-heat-wave": 62514,
  "bx-helmet": 62515,
  "bx-help-circle": 62516,
  "bx-help-octagon": 62517,
  "bx-hexagon": 62518,
  "bx-high-speed-train": 62519,
  "bx-highlight": 62520,
  "bx-highlights": 62521,
  "bx-history": 62522,
  "bx-home-add": 62523,
  "bx-home-alt-2": 62524,
  "bx-home-alt-3": 62525,
  "bx-home-alt": 62526,
  "bx-home-circle": 62527,
  "bx-home-heart": 62528,
  "bx-home": 62529,
  "bx-honey": 62530,
  "bx-horizon-sea": 62531,
  "bx-horizontal-align-center": 62532,
  "bx-horizontal-align-left": 62533,
  "bx-horizontal-align-right": 62534,
  "bx-horizontal-center": 62535,
  "bx-horizontal-distribute-center": 62536,
  "bx-horizontal-distribute-left": 62537,
  "bx-horizontal-distribute-right": 62538,
  "bx-horizontal-left": 62539,
  "bx-horizontal-right": 62540,
  "bx-horizontal-spacing": 62541,
  "bx-hospital": 62542,
  "bx-hot-tub-water": 62543,
  "bx-hot-tub": 62544,
  "bx-hot": 62545,
  "bx-hourglass": 62546,
  "bx-hurricane": 62547,
  "bx-icecream": 62548,
  "bx-iframe": 62549,
  "bx-image-alt": 62550,
  "bx-image-circle": 62551,
  "bx-image-landscape": 62552,
  "bx-image-no-background": 62553,
  "bx-image-plus": 62554,
  "bx-image-portrait": 62555,
  "bx-image": 62556,
  "bx-images": 62557,
  "bx-inbox": 62558,
  "bx-infinite": 62559,
  "bx-info-circle": 62560,
  "bx-info-octagon": 62561,
  "bx-info-shield": 62562,
  "bx-info-square": 62563,
  "bx-inner-shadow": 62564,
  "bx-institution": 62565,
  "bx-intellect": 62566,
  "bx-invert-adjust": 62567,
  "bx-invert": 62568,
  "bx-island": 62569,
  "bx-italic": 62570,
  "bx-joystick-alt": 62571,
  "bx-joystick-button": 62572,
  "bx-joystick": 62573,
  "bx-key-alt": 62574,
  "bx-key": 62575,
  "bx-keyboard": 62576,
  "bx-keyframe-ease-in": 62577,
  "bx-keyframe-ease-out": 62578,
  "bx-keyframe-easy-ease": 62579,
  "bx-keyframe-hold-ease-in": 62580,
  "bx-keyframe-hold-ease-out": 62581,
  "bx-keyframe-hold-linear-in": 62582,
  "bx-keyframe-hold-linear-out": 62583,
  "bx-keyframe": 62584,
  "bx-knife": 62585,
  "bx-landmark": 62586,
  "bx-laptop-alt": 62587,
  "bx-laptop": 62588,
  "bx-lasso": 62589,
  "bx-last": 62590,
  "bx-laugh": 62591,
  "bx-law": 62592,
  "bx-layers-alt": 62593,
  "bx-layers-down-left": 62594,
  "bx-layers-down-right": 62595,
  "bx-layers-minus-alt": 62596,
  "bx-layers-plus-alt": 62597,
  "bx-layers": 62598,
  "bx-layout-check": 62599,
  "bx-layout-minus": 62600,
  "bx-layout-plus": 62601,
  "bx-layout-search": 62602,
  "bx-layout": 62603,
  "bx-leaf-alt": 62604,
  "bx-leaf": 62605,
  "bx-left-indent": 62606,
  "bx-lemon": 62607,
  "bx-letter-spacing-alt": 62608,
  "bx-letter-spacing": 62609,
  "bx-light-bulb-alt": 62610,
  "bx-light-bulb-on": 62611,
  "bx-light-bulb": 62612,
  "bx-lightbulb-alt-2": 62613,
  "bx-like": 62614,
  "bx-line-chart-square": 62615,
  "bx-line-spacing-alt": 62616,
  "bx-line-spacing": 62617,
  "bx-link-alt": 62618,
  "bx-link-break": 62619,
  "bx-link": 62620,
  "bx-lira": 62621,
  "bx-list-minus": 62622,
  "bx-list-music": 62623,
  "bx-list-ol": 62624,
  "bx-list-play": 62625,
  "bx-list-plus": 62626,
  "bx-list-square": 62627,
  "bx-list-ul-square": 62628,
  "bx-list-ul": 62629,
  "bx-list-x": 62630,
  "bx-list": 62631,
  "bx-loader-dots": 62632,
  "bx-loader-lines": 62633,
  "bx-location-alt-2": 62634,
  "bx-location-alt": 62635,
  "bx-location-blank": 62636,
  "bx-location-check": 62637,
  "bx-location-pin": 62638,
  "bx-location-plus": 62639,
  "bx-location-x": 62640,
  "bx-location": 62641,
  "bx-lock-keyhole-open-alt": 62642,
  "bx-lock-keyhole-open": 62643,
  "bx-lock-keyhole": 62644,
  "bx-lock-open-alt": 62645,
  "bx-lock-open": 62646,
  "bx-lock": 62647,
  "bx-lotion": 62648,
  "bx-low-vision": 62649,
  "bx-lowercase": 62650,
  "bx-luggage": 62651,
  "bx-lungs": 62652,
  "bx-magic-wand": 62653,
  "bx-magnet": 62654,
  "bx-mail-open": 62655,
  "bx-male": 62656,
  "bx-man-woman": 62657,
  "bx-man": 62658,
  "bx-map": 62659,
  "bx-margin-bottom": 62660,
  "bx-margin-left": 62661,
  "bx-margin-right": 62662,
  "bx-margin-top": 62663,
  "bx-martini": 62664,
  "bx-mask": 62665,
  "bx-math-alt": 62666,
  "bx-math": 62667,
  "bx-meat": 62668,
  "bx-medal-alt-2": 62669,
  "bx-medal-alt": 62670,
  "bx-medal-star-alt-2": 62671,
  "bx-medal-star-alt": 62672,
  "bx-medal-star": 62673,
  "bx-medal": 62674,
  "bx-medical-flask": 62675,
  "bx-medical-kit": 62676,
  "bx-megaphone-alt": 62677,
  "bx-megaphone": 62678,
  "bx-meh-alt": 62679,
  "bx-meh-blank": 62680,
  "bx-meh": 62681,
  "bx-menu-close": 62682,
  "bx-menu-filter": 62683,
  "bx-menu-left": 62684,
  "bx-menu-right": 62685,
  "bx-menu-search": 62686,
  "bx-menu-select": 62687,
  "bx-menu-wide": 62688,
  "bx-menu-wider": 62689,
  "bx-menu": 62690,
  "bx-mesh": 62691,
  "bx-message-bubble-captions": 62692,
  "bx-message-bubble-check": 62693,
  "bx-message-bubble-code": 62694,
  "bx-message-bubble-detail": 62695,
  "bx-message-bubble-dots-2": 62696,
  "bx-message-bubble-dots": 62697,
  "bx-message-bubble-edit": 62698,
  "bx-message-bubble-exclamation": 62699,
  "bx-message-bubble-heart": 62700,
  "bx-message-bubble-image": 62701,
  "bx-message-bubble-minus": 62702,
  "bx-message-bubble-notification": 62703,
  "bx-message-bubble-plus": 62704,
  "bx-message-bubble-question-mark": 62705,
  "bx-message-bubble-reply": 62706,
  "bx-message-bubble-star": 62707,
  "bx-message-bubble-x": 62708,
  "bx-message-bubble": 62709,
  "bx-message-captions": 62710,
  "bx-message-check": 62711,
  "bx-message-circle-captions": 62712,
  "bx-message-circle-check": 62713,
  "bx-message-circle-code": 62714,
  "bx-message-circle-detail": 62715,
  "bx-message-circle-dots-2": 62716,
  "bx-message-circle-dots": 62717,
  "bx-message-circle-edit": 62718,
  "bx-message-circle-exclamation": 62719,
  "bx-message-circle-heart": 62720,
  "bx-message-circle-image": 62721,
  "bx-message-circle-minus": 62722,
  "bx-message-circle-notification": 62723,
  "bx-message-circle-plus": 62724,
  "bx-message-circle-question-mark": 62725,
  "bx-message-circle-reply": 62726,
  "bx-message-circle-star": 62727,
  "bx-message-circle-x": 62728,
  "bx-message-circle": 62729,
  "bx-message-code": 62730,
  "bx-message-detail": 62731,
  "bx-message-dots-2": 62732,
  "bx-message-dots": 62733,
  "bx-message-edit": 62734,
  "bx-message-exclamation": 62735,
  "bx-message-heart": 62736,
  "bx-message-image": 62737,
  "bx-message-minus": 62738,
  "bx-message-notification": 62739,
  "bx-message-plus": 62740,
  "bx-message-question-mark": 62741,
  "bx-message-reply": 62742,
  "bx-message-star": 62743,
  "bx-message-x": 62744,
  "bx-message": 62745,
  "bx-meteor": 62746,
  "bx-microchip": 62747,
  "bx-microphone-alt-2": 62748,
  "bx-microphone-alt": 62749,
  "bx-microphone-big-alt": 62750,
  "bx-microphone-big": 62751,
  "bx-microphone-slash": 62752,
  "bx-microphone": 62753,
  "bx-microwave-oven": 62754,
  "bx-milk-bottle": 62755,
  "bx-minus-circle": 62756,
  "bx-minus-shield": 62757,
  "bx-minus-square": 62758,
  "bx-minus": 62759,
  "bx-mobile-alt-1": 62760,
  "bx-mobile-alt": 62761,
  "bx-mobile-back-alt-1": 62762,
  "bx-mobile-back-alt": 62763,
  "bx-mobile-back": 62764,
  "bx-mobile-ring": 62765,
  "bx-mobile": 62766,
  "bx-moon-crater": 62767,
  "bx-moon-phase-0": 62768,
  "bx-moon-phase-1": 62769,
  "bx-moon-phase-2": 62770,
  "bx-moon-phase-3": 62771,
  "bx-moon-phase-4": 62772,
  "bx-moon-phase-5": 62773,
  "bx-moon-phase-6": 62774,
  "bx-moon-star": 62775,
  "bx-moon": 62776,
  "bx-mosque": 62777,
  "bx-motion-alt": 62778,
  "bx-motion": 62779,
  "bx-motorcycle": 62780,
  "bx-mountain-peak": 62781,
  "bx-mountain-view": 62782,
  "bx-mouse-alt": 62783,
  "bx-mouse": 62784,
  "bx-move-diagonal-left": 62785,
  "bx-move-diagonal-right": 62786,
  "bx-move-horizontal": 62787,
  "bx-move-vertical": 62788,
  "bx-move": 62789,
  "bx-movie-play": 62790,
  "bx-movie": 62791,
  "bx-music-alt": 62792,
  "bx-music-library": 62793,
  "bx-music": 62794,
  "bx-network-chart": 62795,
  "bx-news": 62796,
  "bx-newspaper": 62797,
  "bx-night-light": 62798,
  "bx-no-entry": 62799,
  "bx-noise": 62800,
  "bx-note-book": 62801,
  "bx-note": 62802,
  "bx-notification-slash": 62803,
  "bx-notification": 62804,
  "bx-nut": 62805,
  "bx-octopus": 62806,
  "bx-outdoor-dining": 62807,
  "bx-outer-shadow": 62808,
  "bx-oval-vertical": 62809,
  "bx-oval": 62810,
  "bx-oven": 62811,
  "bx-owl": 62812,
  "bx-package": 62813,
  "bx-pacman": 62814,
  "bx-paint-alt": 62815,
  "bx-paint-roll": 62816,
  "bx-paint": 62817,
  "bx-palette": 62818,
  "bx-pant": 62819,
  "bx-paper-plane": 62820,
  "bx-paperclip": 62821,
  "bx-paragraph-spacing": 62822,
  "bx-paragraph": 62823,
  "bx-parent-child": 62824,
  "bx-party": 62825,
  "bx-paste": 62826,
  "bx-pause-circle": 62827,
  "bx-pause": 62828,
  "bx-paw-print": 62829,
  "bx-pear": 62830,
  "bx-pen-alt": 62831,
  "bx-pen-draw": 62832,
  "bx-pen-edit-circle": 62833,
  "bx-pen-minus": 62834,
  "bx-pen-plus": 62835,
  "bx-pen": 62836,
  "bx-pencil-circle": 62837,
  "bx-pencil-draw": 62838,
  "bx-pencil-edit-circle": 62839,
  "bx-pencil-sparkles": 62840,
  "bx-pencil-square": 62841,
  "bx-pencil": 62842,
  "bx-pentagon": 62843,
  "bx-people-diversity": 62844,
  "bx-people-handshake": 62845,
  "bx-people-heart": 62846,
  "bx-percentage": 62847,
  "bx-perspective": 62848,
  "bx-petrol-pump": 62849,
  "bx-pharmacy": 62850,
  "bx-phone-book": 62851,
  "bx-phone-forwarding": 62852,
  "bx-phone-incoming": 62853,
  "bx-phone-outgoing": 62854,
  "bx-phone-plus": 62855,
  "bx-phone-ring": 62856,
  "bx-phone-x": 62857,
  "bx-phone": 62858,
  "bx-photo-album": 62859,
  "bx-piano-alt": 62860,
  "bx-piano-grand": 62861,
  "bx-piano": 62862,
  "bx-pickup-truck": 62863,
  "bx-picture-in-picture-close": 62864,
  "bx-picture-in-picture": 62865,
  "bx-pie-chart-alt-2": 62866,
  "bx-pie-chart-alt": 62867,
  "bx-pie-chart": 62868,
  "bx-piggy-bank": 62869,
  "bx-pill-bottle-alt": 62870,
  "bx-pill-bottle": 62871,
  "bx-pill": 62872,
  "bx-pin-alt": 62873,
  "bx-pin-slash-alt": 62874,
  "bx-pin": 62875,
  "bx-pizza-alt": 62876,
  "bx-pizza": 62877,
  "bx-plane-alt": 62878,
  "bx-plane-land": 62879,
  "bx-plane-take-off": 62880,
  "bx-plane": 62881,
  "bx-planet": 62882,
  "bx-plant-pot": 62883,
  "bx-play-circle-alt": 62884,
  "bx-play-circle": 62885,
  "bx-play": 62886,
  "bx-plug-connect": 62887,
  "bx-plus-big": 62888,
  "bx-plus-circle": 62889,
  "bx-plus-shield": 62890,
  "bx-plus-square": 62891,
  "bx-plus": 62892,
  "bx-podcast": 62893,
  "bx-polar-chart": 62894,
  "bx-poll": 62895,
  "bx-polygon": 62896,
  "bx-popsicle": 62897,
  "bx-pound": 62898,
  "bx-prawn": 62899,
  "bx-price-tag-alt": 62900,
  "bx-price-tag": 62901,
  "bx-print-dollar": 62902,
  "bx-printer": 62903,
  "bx-psychology": 62904,
  "bx-puck": 62905,
  "bx-pulse": 62906,
  "bx-pyramid": 62907,
  "bx-qr-scan": 62908,
  "bx-qr": 62909,
  "bx-queue": 62910,
  "bx-quote-left-alt": 62911,
  "bx-quote-left": 62912,
  "bx-quote-right-alt": 62913,
  "bx-quote-right": 62914,
  "bx-quote-single-left": 62915,
  "bx-quote-single-right": 62916,
  "bx-radar": 62917,
  "bx-radiation": 62918,
  "bx-radio-circle-marked": 62919,
  "bx-radio-circle": 62920,
  "bx-radio": 62921,
  "bx-rainbow": 62922,
  "bx-reading-glass": 62923,
  "bx-reading": 62924,
  "bx-receipt": 62925,
  "bx-rectangle-vertical": 62926,
  "bx-rectangle-wide": 62927,
  "bx-rectangle": 62928,
  "bx-recycle": 62929,
  "bx-redo-alt": 62930,
  "bx-redo-stroke-alt": 62931,
  "bx-redo-stroke": 62932,
  "bx-redo": 62933,
  "bx-refresh-ccw-alt-dot": 62934,
  "bx-refresh-ccw-alt": 62935,
  "bx-refresh-ccw-dot": 62936,
  "bx-refresh-ccw": 62937,
  "bx-refresh-cw-alt-dot": 62938,
  "bx-refresh-cw-alt": 62939,
  "bx-refresh-cw-dot": 62940,
  "bx-refresh-cw": 62941,
  "bx-registered": 62942,
  "bx-rename": 62943,
  "bx-repeat-alt-2": 62944,
  "bx-repeat-alt": 62945,
  "bx-repeat": 62946,
  "bx-reply-big": 62947,
  "bx-reply-stroke": 62948,
  "bx-reply": 62949,
  "bx-report": 62950,
  "bx-rewind-circle": 62951,
  "bx-rewind": 62952,
  "bx-rfid": 62953,
  "bx-rgb": 62954,
  "bx-right-angle-triangle-half": 62955,
  "bx-right-angle-triangle": 62956,
  "bx-right-indent": 62957,
  "bx-robot": 62958,
  "bx-rocket-alt": 62959,
  "bx-rocket": 62960,
  "bx-rotate-ccw-10": 62961,
  "bx-rotate-ccw-30": 62962,
  "bx-rotate-ccw-5": 62963,
  "bx-rotate-ccw-dot": 62964,
  "bx-rotate-ccw": 62965,
  "bx-rotate-cw-10": 62966,
  "bx-rotate-cw-30": 62967,
  "bx-rotate-cw-5": 62968,
  "bx-rotate-cw-dot": 62969,
  "bx-rotate-cw": 62970,
  "bx-rotate-square-ccw": 62971,
  "bx-rotate-square-cw": 62972,
  "bx-row-resize": 62973,
  "bx-rows-3": 62974,
  "bx-rows-4": 62975,
  "bx-rows": 62976,
  "bx-rss": 62977,
  "bx-ruble": 62978,
  "bx-rugby-ball": 62979,
  "bx-ruler": 62980,
  "bx-running": 62981,
  "bx-rupee": 62982,
  "bx-sad": 62983,
  "bx-safe": 62984,
  "bx-sandwich": 62985,
  "bx-sapling": 62986,
  "bx-save": 62987,
  "bx-scale": 62988,
  "bx-scan-ar": 62989,
  "bx-scan-barcode": 62990,
  "bx-scan-detail": 62991,
  "bx-scan-face": 62992,
  "bx-scan-search": 62993,
  "bx-scan": 62994,
  "bx-school-bus": 62995,
  "bx-school": 62996,
  "bx-science": 62997,
  "bx-scooter-delivery": 62998,
  "bx-scooter": 62999,
  "bx-screen-light": 63000,
  "bx-screenshot": 63001,
  "bx-scroll": 63002,
  "bx-sd-card": 63003,
  "bx-sea-view": 63004,
  "bx-seal": 63005,
  "bx-search-alt": 63006,
  "bx-search-big": 63007,
  "bx-search-code": 63008,
  "bx-search-minus": 63009,
  "bx-search-plus": 63010,
  "bx-search": 63011,
  "bx-select-all": 63012,
  "bx-select-many": 63013,
  "bx-select-none": 63014,
  "bx-select": 63015,
  "bx-send-alt-2": 63016,
  "bx-send-alt": 63017,
  "bx-send": 63018,
  "bx-server": 63019,
  "bx-shadows": 63020,
  "bx-shape-exclude-alt": 63021,
  "bx-shape-exclude": 63022,
  "bx-shape-intersect-alt": 63023,
  "bx-shape-intersect": 63024,
  "bx-shape-outline-alt": 63025,
  "bx-shape-outline": 63026,
  "bx-shape-rotate-ccw": 63027,
  "bx-shape-rotate-cw": 63028,
  "bx-shape-subtract-alt": 63029,
  "bx-shape-subtract": 63030,
  "bx-shape-trim-alt": 63031,
  "bx-shape-trim": 63032,
  "bx-shape-unite-alt": 63033,
  "bx-shape-unite": 63034,
  "bx-shapes-alt": 63035,
  "bx-shapes": 63036,
  "bx-share": 63037,
  "bx-shekel": 63038,
  "bx-shield-alt-2": 63039,
  "bx-shield-alt": 63040,
  "bx-shield-circle": 63041,
  "bx-shield-half": 63042,
  "bx-shield-quarter": 63043,
  "bx-shield": 63044,
  "bx-ship": 63045,
  "bx-shocked": 63046,
  "bx-shopping-bag-alt": 63047,
  "bx-shopping-bag": 63048,
  "bx-shower": 63049,
  "bx-shrink-left": 63050,
  "bx-shrink-right": 63051,
  "bx-shuffle": 63052,
  "bx-shutter-alt": 63053,
  "bx-shutter": 63054,
  "bx-shuttlecock": 63055,
  "bx-sidebar-right": 63056,
  "bx-sidebar": 63057,
  "bx-signal-1": 63058,
  "bx-signal-2": 63059,
  "bx-signal-3": 63060,
  "bx-signal-4": 63061,
  "bx-signal-5": 63062,
  "bx-signal-slash": 63063,
  "bx-signature": 63064,
  "bx-siren-alt": 63065,
  "bx-siren": 63066,
  "bx-sitemap": 63067,
  "bx-size-distort": 63068,
  "bx-size-freeform": 63069,
  "bx-size-uniform": 63070,
  "bx-skateboard": 63071,
  "bx-skip-next-circle": 63072,
  "bx-skip-next": 63073,
  "bx-skip-previous-circle": 63074,
  "bx-skip-previous": 63075,
  "bx-skirt": 63076,
  "bx-sleepy": 63077,
  "bx-slice": 63078,
  "bx-slider-alt": 63079,
  "bx-slider-vertical-alt": 63080,
  "bx-slider-vertical": 63081,
  "bx-slider": 63082,
  "bx-slideshow": 63083,
  "bx-smile": 63084,
  "bx-smoke-alarm": 63085,
  "bx-sneaker": 63086,
  "bx-snowflake": 63087,
  "bx-sock": 63088,
  "bx-solar-panel": 63089,
  "bx-spa": 63090,
  "bx-spacebar": 63091,
  "bx-spade": 63092,
  "bx-spanner": 63093,
  "bx-sparkle-circle": 63094,
  "bx-sparkle-square": 63095,
  "bx-sparkle": 63096,
  "bx-sparkles-alt": 63097,
  "bx-sparkles": 63098,
  "bx-speaker": 63099,
  "bx-split": 63100,
  "bx-spoon": 63101,
  "bx-spray-can": 63102,
  "bx-square-dashed-half": 63103,
  "bx-square-dashed": 63104,
  "bx-square-rounded": 63105,
  "bx-square-small": 63106,
  "bx-square": 63107,
  "bx-squircle": 63108,
  "bx-stadium": 63109,
  "bx-stamp": 63110,
  "bx-star-circle": 63111,
  "bx-star-half": 63112,
  "bx-star-square": 63113,
  "bx-star": 63114,
  "bx-station": 63115,
  "bx-steering-wheel": 63116,
  "bx-steps-down": 63117,
  "bx-steps-up": 63118,
  "bx-sticker": 63119,
  "bx-stop-circle": 63120,
  "bx-stop": 63121,
  "bx-stopwatch": 63122,
  "bx-store-alt-2": 63123,
  "bx-store-alt": 63124,
  "bx-store": 63125,
  "bx-strategy": 63126,
  "bx-street-view": 63127,
  "bx-strikethrough": 63128,
  "bx-stroke-drawing": 63129,
  "bx-stroke-freehand": 63130,
  "bx-stroke-ink": 63131,
  "bx-stroke-pen": 63132,
  "bx-subscript": 63133,
  "bx-subway": 63134,
  "bx-sun-bright": 63135,
  "bx-sun-dim": 63136,
  "bx-sun-drizzle": 63137,
  "bx-sun-fog": 63138,
  "bx-sun-rain-wind": 63139,
  "bx-sun-rain": 63140,
  "bx-sun-rise": 63141,
  "bx-sun-set": 63142,
  "bx-sun-snow": 63143,
  "bx-sun": 63144,
  "bx-superscript": 63145,
  "bx-surfboard": 63146,
  "bx-sushi": 63147,
  "bx-swap-diagonal": 63148,
  "bx-swap-horizontal": 63149,
  "bx-swap-vertical": 63150,
  "bx-swatch": 63151,
  "bx-swimming-pool": 63152,
  "bx-swimming": 63153,
  "bx-sword-alt": 63154,
  "bx-sword": 63155,
  "bx-syringe": 63156,
  "bx-t-shirt": 63157,
  "bx-tab": 63158,
  "bx-table-cells-large": 63159,
  "bx-table-cells": 63160,
  "bx-table-columns-merge": 63161,
  "bx-table-columns-split": 63162,
  "bx-table-columns": 63163,
  "bx-table-layout": 63164,
  "bx-table-list": 63165,
  "bx-table-rows-merge": 63166,
  "bx-table-rows-split": 63167,
  "bx-table-rows": 63168,
  "bx-table-tennis": 63169,
  "bx-table": 63170,
  "bx-tablet": 63171,
  "bx-tabs": 63172,
  "bx-tachometer-alt": 63173,
  "bx-tachometer": 63174,
  "bx-taco": 63175,
  "bx-tag-alt": 63176,
  "bx-tag-x": 63177,
  "bx-tag": 63178,
  "bx-takeaway": 63179,
  "bx-target": 63180,
  "bx-taxi": 63181,
  "bx-temple": 63182,
  "bx-tennis-ball-alt": 63183,
  "bx-tennis-ball": 63184,
  "bx-tennis": 63185,
  "bx-tent": 63186,
  "bx-terminal": 63187,
  "bx-test-tube": 63188,
  "bx-text-height": 63189,
  "bx-text-underline": 63190,
  "bx-text-width": 63191,
  "bx-texture": 63192,
  "bx-thermometer": 63193,
  "bx-thread-roll": 63194,
  "bx-thunder": 63195,
  "bx-ticket-star": 63196,
  "bx-ticket": 63197,
  "bx-tickets": 63198,
  "bx-timer": 63199,
  "bx-tiny-home": 63200,
  "bx-tired": 63201,
  "bx-toggle-left": 63202,
  "bx-toggle-right": 63203,
  "bx-toggles": 63204,
  "bx-toilet-roll": 63205,
  "bx-tooth": 63206,
  "bx-torch": 63207,
  "bx-tornado": 63208,
  "bx-torus": 63209,
  "bx-towel": 63210,
  "bx-toy-car": 63211,
  "bx-traffic-barrier": 63212,
  "bx-traffic-cone": 63213,
  "bx-train": 63214,
  "bx-tram": 63215,
  "bx-transgender": 63216,
  "bx-translate": 63217,
  "bx-transparency": 63218,
  "bx-trash-alt": 63219,
  "bx-trash-x": 63220,
  "bx-trash": 63221,
  "bx-treasure-chest": 63222,
  "bx-tree-alt": 63223,
  "bx-tree": 63224,
  "bx-trees": 63225,
  "bx-trending-down": 63226,
  "bx-trending-up": 63227,
  "bx-triangle-half": 63228,
  "bx-triangle": 63229,
  "bx-trip": 63230,
  "bx-trophy-star": 63231,
  "bx-trophy": 63232,
  "bx-truck": 63233,
  "bx-turkey-meat": 63234,
  "bx-turn-down": 63235,
  "bx-turn-left": 63236,
  "bx-turn-right": 63237,
  "bx-turn-up": 63238,
  "bx-tv-alt": 63239,
  "bx-tv": 63240,
  "bx-ufo": 63241,
  "bx-umbrella-alt": 63242,
  "bx-umbrella": 63243,
  "bx-underline-dashed": 63244,
  "bx-underline-dotted": 63245,
  "bx-underline-wavy": 63246,
  "bx-underline": 63247,
  "bx-undershirt": 63248,
  "bx-undo-alt": 63249,
  "bx-undo-stroke-alt": 63250,
  "bx-undo-stroke": 63251,
  "bx-undo": 63252,
  "bx-universal-access": 63253,
  "bx-unlink-alt": 63254,
  "bx-unlink": 63255,
  "bx-uppercase": 63256,
  "bx-upside-down": 63257,
  "bx-usb": 63258,
  "bx-user-check": 63259,
  "bx-user-circle": 63260,
  "bx-user-hexagon": 63261,
  "bx-user-id-card": 63262,
  "bx-user-minus": 63263,
  "bx-user-plus": 63264,
  "bx-user-search": 63265,
  "bx-user-square": 63266,
  "bx-user-voice": 63267,
  "bx-user-x": 63268,
  "bx-user": 63269,
  "bx-van": 63270,
  "bx-vector-square": 63271,
  "bx-vector-triangle": 63272,
  "bx-vector": 63273,
  "bx-vertical-align-bottom": 63274,
  "bx-vertical-align-center": 63275,
  "bx-vertical-align-top": 63276,
  "bx-vertical-bottom": 63277,
  "bx-vertical-center": 63278,
  "bx-vertical-distribute-bottom": 63279,
  "bx-vertical-distribute-center": 63280,
  "bx-vertical-distribute-top": 63281,
  "bx-vertical-spacing": 63282,
  "bx-vertical-top": 63283,
  "bx-vial-alt": 63284,
  "bx-vial": 63285,
  "bx-video-cinema": 63286,
  "bx-video-plus": 63287,
  "bx-video-slash": 63288,
  "bx-video": 63289,
  "bx-vignette": 63290,
  "bx-virus-slash": 63291,
  "bx-virus": 63292,
  "bx-voicemail": 63293,
  "bx-volleyball": 63294,
  "bx-volume-full": 63295,
  "bx-volume-low": 63296,
  "bx-volume-mute": 63297,
  "bx-volume": 63298,
  "bx-vr-goggles": 63299,
  "bx-vr-headset": 63300,
  "bx-walking": 63301,
  "bx-wall": 63302,
  "bx-wallet-alt": 63303,
  "bx-wallet-cards": 63304,
  "bx-wallet-note": 63305,
  "bx-wallet": 63306,
  "bx-warehouse": 63307,
  "bx-washer": 63308,
  "bx-water-drop-alt": 63309,
  "bx-water-drop-half": 63310,
  "bx-water-drop": 63311,
  "bx-water-spray": 63312,
  "bx-water": 63313,
  "bx-watermelon": 63314,
  "bx-waveform": 63315,
  "bx-webcam": 63316,
  "bx-whiteboard-alt": 63317,
  "bx-whiteboard": 63318,
  "bx-widget-horizontal": 63319,
  "bx-widget-small": 63320,
  "bx-widget-vertical": 63321,
  "bx-widget": 63322,
  "bx-wifi-0": 63323,
  "bx-wifi-1": 63324,
  "bx-wifi-2": 63325,
  "bx-wifi-slash": 63326,
  "bx-wifi": 63327,
  "bx-wind": 63328,
  "bx-window-arrow-in": 63329,
  "bx-window-arrow-out": 63330,
  "bx-window-mac-alt": 63331,
  "bx-window-mac": 63332,
  "bx-window": 63333,
  "bx-windows": 63334,
  "bx-wine-alt": 63335,
  "bx-wine": 63336,
  "bx-wink-smile": 63337,
  "bx-wink-tongue": 63338,
  "bx-woman": 63339,
  "bx-won": 63340,
  "bx-wrist-watch-alt": 63341,
  "bx-wrist-watch-round-alt": 63342,
  "bx-wrist-watch-round": 63343,
  "bx-wrist-watch": 63344,
  "bx-x-circle": 63345,
  "bx-x-shield": 63346,
  "bx-x-square": 63347,
  "bx-x": 63348,
  "bx-yarn-ball": 63349,
  "bx-yen": 63350,
  "bx-yin-yang": 63351,
  "bxs-8-ball": 63352,
  "bxs-a-arrow-down": 63353,
  "bxs-a-arrow-up": 63354,
  "bxs-accessibility": 63355,
  "bxs-acorn": 63356,
  "bxs-address-book": 63357,
  "bxs-air-conditioner": 63358,
  "bxs-air": 63359,
  "bxs-airplay": 63360,
  "bxs-alarm-alt": 63361,
  "bxs-alarm-check": 63362,
  "bxs-alarm-exclamation": 63363,
  "bxs-alarm-minus": 63364,
  "bxs-alarm-plus": 63365,
  "bxs-alarm-slash": 63366,
  "bxs-alarm-z": 63367,
  "bxs-alarm": 63368,
  "bxs-album-covers": 63369,
  "bxs-alert-circle": 63370,
  "bxs-alert-octagon": 63371,
  "bxs-alert-shield": 63372,
  "bxs-alert-square": 63373,
  "bxs-alert-triangle": 63374,
  "bxs-alien": 63375,
  "bxs-align-center": 63376,
  "bxs-align-justify": 63377,
  "bxs-align-left": 63378,
  "bxs-align-right": 63379,
  "bxs-ambulance": 63380,
  "bxs-ampersand": 63381,
  "bxs-analyze": 63382,
  "bxs-anchor": 63383,
  "bxs-angle": 63384,
  "bxs-angry": 63385,
  "bxs-animation-bounce": 63386,
  "bxs-apartment": 63387,
  "bxs-approximate": 63388,
  "bxs-apps-alt": 63389,
  "bxs-apps": 63390,
  "bxs-arch": 63391,
  "bxs-archive-alt": 63392,
  "bxs-archive-arrow-down": 63393,
  "bxs-archive-arrow-up": 63394,
  "bxs-archive": 63395,
  "bxs-area": 63396,
  "bxs-arrow-big-down-line": 63397,
  "bxs-arrow-big-down": 63398,
  "bxs-arrow-big-left-line": 63399,
  "bxs-arrow-big-left": 63400,
  "bxs-arrow-big-right-line": 63401,
  "bxs-arrow-big-right": 63402,
  "bxs-arrow-big-up-line": 63403,
  "bxs-arrow-big-up": 63404,
  "bxs-arrow-down-circle": 63405,
  "bxs-arrow-down-left-circle": 63406,
  "bxs-arrow-down-left-square": 63407,
  "bxs-arrow-down-left-stroke-circle": 63408,
  "bxs-arrow-down-left-stroke-square": 63409,
  "bxs-arrow-down-left-stroke": 63410,
  "bxs-arrow-down-left": 63411,
  "bxs-arrow-down-right-circle": 63412,
  "bxs-arrow-down-right-square": 63413,
  "bxs-arrow-down-right-stroke-circle": 63414,
  "bxs-arrow-down-right-stroke-square": 63415,
  "bxs-arrow-down-right-stroke": 63416,
  "bxs-arrow-down-right": 63417,
  "bxs-arrow-down-square": 63418,
  "bxs-arrow-down-stroke-circle": 63419,
  "bxs-arrow-down-stroke-square": 63420,
  "bxs-arrow-down-stroke": 63421,
  "bxs-arrow-down": 63422,
  "bxs-arrow-from-bottom-stroke": 63423,
  "bxs-arrow-from-left-stroke": 63424,
  "bxs-arrow-from-right-stroke": 63425,
  "bxs-arrow-from-top-stroke": 63426,
  "bxs-arrow-in-down-left-circle": 63427,
  "bxs-arrow-in-down-left-square": 63428,
  "bxs-arrow-in-down-left-stroke-circle": 63429,
  "bxs-arrow-in-down-left-stroke-square": 63430,
  "bxs-arrow-in-down-right-circle": 63431,
  "bxs-arrow-in-down-right-square": 63432,
  "bxs-arrow-in-down-right-stroke-circle": 63433,
  "bxs-arrow-in-down-right-stroke-square": 63434,
  "bxs-arrow-in-down-square-half": 63435,
  "bxs-arrow-in-left-square-half": 63436,
  "bxs-arrow-in-right-square-half": 63437,
  "bxs-arrow-in-up-left-circle": 63438,
  "bxs-arrow-in-up-left-square": 63439,
  "bxs-arrow-in-up-left-stroke-circle": 63440,
  "bxs-arrow-in-up-left-stroke-square": 63441,
  "bxs-arrow-in-up-right-circle": 63442,
  "bxs-arrow-in-up-right-square": 63443,
  "bxs-arrow-in-up-right-stroke-circle": 63444,
  "bxs-arrow-in-up-right-stroke-square": 63445,
  "bxs-arrow-in-up-square-half": 63446,
  "bxs-arrow-left-circle": 63447,
  "bxs-arrow-left-square": 63448,
  "bxs-arrow-left-stroke-circle": 63449,
  "bxs-arrow-left-stroke-square": 63450,
  "bxs-arrow-left-stroke": 63451,
  "bxs-arrow-left": 63452,
  "bxs-arrow-out-down-left-circle": 63453,
  "bxs-arrow-out-down-left-square": 63454,
  "bxs-arrow-out-down-left-stroke-circle": 63455,
  "bxs-arrow-out-down-left-stroke-square": 63456,
  "bxs-arrow-out-down-right-circle": 63457,
  "bxs-arrow-out-down-right-square": 63458,
  "bxs-arrow-out-down-right-stroke-circle": 63459,
  "bxs-arrow-out-down-right-stroke-square": 63460,
  "bxs-arrow-out-down-square-half": 63461,
  "bxs-arrow-out-left-square-half": 63462,
  "bxs-arrow-out-right-square-half": 63463,
  "bxs-arrow-out-up-left-circle": 63464,
  "bxs-arrow-out-up-left-square": 63465,
  "bxs-arrow-out-up-left-stroke-circle": 63466,
  "bxs-arrow-out-up-left-stroke-square": 63467,
  "bxs-arrow-out-up-right-circle": 63468,
  "bxs-arrow-out-up-right-square": 63469,
  "bxs-arrow-out-up-right-stroke-circle": 63470,
  "bxs-arrow-out-up-right-stroke-square": 63471,
  "bxs-arrow-out-up-square-half": 63472,
  "bxs-arrow-right-circle": 63473,
  "bxs-arrow-right-square": 63474,
  "bxs-arrow-right-stroke-circle": 63475,
  "bxs-arrow-right-stroke-square": 63476,
  "bxs-arrow-right-stroke": 63477,
  "bxs-arrow-right": 63478,
  "bxs-arrow-s-down": 63479,
  "bxs-arrow-s-left": 63480,
  "bxs-arrow-s-right": 63481,
  "bxs-arrow-s-up": 63482,
  "bxs-arrow-to-bottom-stroke": 63483,
  "bxs-arrow-to-left-stroke": 63484,
  "bxs-arrow-to-right-stroke": 63485,
  "bxs-arrow-to-top-stroke": 63486,
  "bxs-arrow-up-circle": 63487,
  "bxs-arrow-up-left-circle": 63488,
  "bxs-arrow-up-left-square": 63489,
  "bxs-arrow-up-left-stroke-circle": 63490,
  "bxs-arrow-up-left-stroke-square": 63491,
  "bxs-arrow-up-left-stroke": 63492,
  "bxs-arrow-up-left": 63493,
  "bxs-arrow-up-right-circle": 63494,
  "bxs-arrow-up-right-square": 63495,
  "bxs-arrow-up-right-stroke-circle": 63496,
  "bxs-arrow-up-right-stroke-square": 63497,
  "bxs-arrow-up-right-stroke": 63498,
  "bxs-arrow-up-right": 63499,
  "bxs-arrow-up-square": 63500,
  "bxs-arrow-up-stroke-circle": 63501,
  "bxs-arrow-up-stroke-square": 63502,
  "bxs-arrow-up-stroke": 63503,
  "bxs-arrow-up": 63504,
  "bxs-article": 63505,
  "bxs-asterisk": 63506,
  "bxs-at": 63507,
  "bxs-avocado": 63508,
  "bxs-axe": 63509,
  "bxs-background-color-fill": 63510,
  "bxs-background": 63511,
  "bxs-backpack-star": 63512,
  "bxs-backpack": 63513,
  "bxs-backspace": 63514,
  "bxs-badge-check": 63515,
  "bxs-badge-exclamation": 63516,
  "bxs-badge-info": 63517,
  "bxs-badge": 63518,
  "bxs-baguette": 63519,
  "bxs-balcony": 63520,
  "bxs-ball-throw": 63521,
  "bxs-balloon": 63522,
  "bxs-band-aid": 63523,
  "bxs-bank": 63524,
  "bxs-bar-chart-big": 63525,
  "bxs-bar-chart-square": 63526,
  "bxs-bar-chart": 63527,
  "bxs-barcode-square": 63528,
  "bxs-barcode": 63529,
  "bxs-barn": 63530,
  "bxs-baseball": 63531,
  "bxs-basket": 63532,
  "bxs-basketball": 63533,
  "bxs-bath": 63534,
  "bxs-battery-1": 63535,
  "bxs-battery-2": 63536,
  "bxs-battery-3": 63537,
  "bxs-battery-full": 63538,
  "bxs-battery-low": 63539,
  "bxs-battery": 63540,
  "bxs-beach-ball": 63541,
  "bxs-beach": 63542,
  "bxs-beaker": 63543,
  "bxs-beanie": 63544,
  "bxs-bear": 63545,
  "bxs-bed-alt": 63546,
  "bxs-bed": 63547,
  "bxs-beer": 63548,
  "bxs-bell-check": 63549,
  "bxs-bell-minus": 63550,
  "bxs-bell-plus": 63551,
  "bxs-bell-ring": 63552,
  "bxs-bell-slash": 63553,
  "bxs-bell": 63554,
  "bxs-bench": 63555,
  "bxs-bible": 63556,
  "bxs-binocular": 63557,
  "bxs-bird-alt": 63558,
  "bxs-bird": 63559,
  "bxs-birthday-cake": 63560,
  "bxs-bitcoin": 63561,
  "bxs-blanket": 63562,
  "bxs-block": 63563,
  "bxs-blockquote": 63564,
  "bxs-blocks": 63565,
  "bxs-bluetooth": 63566,
  "bxs-blur": 63567,
  "bxs-body": 63568,
  "bxs-bold": 63569,
  "bxs-bolt-circle": 63570,
  "bxs-bolt-square": 63571,
  "bxs-bolt": 63572,
  "bxs-bomb": 63573,
  "bxs-bone": 63574,
  "bxs-bong": 63575,
  "bxs-book-add": 63576,
  "bxs-book-alt": 63577,
  "bxs-book-bookmark": 63578,
  "bxs-book-content": 63579,
  "bxs-book-heart": 63580,
  "bxs-book-library": 63581,
  "bxs-book-open": 63582,
  "bxs-book": 63583,
  "bxs-bookmark-alt": 63584,
  "bxs-bookmark-heart": 63585,
  "bxs-bookmark-minus-alt": 63586,
  "bxs-bookmark-minus": 63587,
  "bxs-bookmark-plus-alt": 63588,
  "bxs-bookmark-plus": 63589,
  "bxs-bookmark-star": 63590,
  "bxs-bookmark-x": 63591,
  "bxs-bookmark": 63592,
  "bxs-bookmarks": 63593,
  "bxs-boombox": 63594,
  "bxs-boot": 63595,
  "bxs-border-all": 63596,
  "bxs-border-bottom": 63597,
  "bxs-border-inner": 63598,
  "bxs-border-left": 63599,
  "bxs-border-none": 63600,
  "bxs-border-outer": 63601,
  "bxs-border-radius": 63602,
  "bxs-border-right": 63603,
  "bxs-border-top": 63604,
  "bxs-bow": 63605,
  "bxs-bowl-balls": 63606,
  "bxs-bowl-bubbles": 63607,
  "bxs-bowl-hot": 63608,
  "bxs-bowl-noodles-alt": 63609,
  "bxs-bowl-noodles": 63610,
  "bxs-bowl-rice": 63611,
  "bxs-bowling-ball": 63612,
  "bxs-box-alt": 63613,
  "bxs-box": 63614,
  "bxs-bracket-curly": 63615,
  "bxs-bracket-round": 63616,
  "bxs-bracket": 63617,
  "bxs-braille": 63618,
  "bxs-brain": 63619,
  "bxs-bread": 63620,
  "bxs-brick": 63621,
  "bxs-bridge": 63622,
  "bxs-briefcase-alt-2": 63623,
  "bxs-briefcase-alt": 63624,
  "bxs-briefcase": 63625,
  "bxs-brightness-half": 63626,
  "bxs-brightness": 63627,
  "bxs-broadcast": 63628,
  "bxs-browser-activity": 63629,
  "bxs-brush": 63630,
  "bxs-bug-alt": 63631,
  "bxs-bug": 63632,
  "bxs-building-house": 63633,
  "bxs-building": 63634,
  "bxs-buildings": 63635,
  "bxs-bullseye": 63636,
  "bxs-buoy": 63637,
  "bxs-burger-alt": 63638,
  "bxs-burger": 63639,
  "bxs-bus": 63640,
  "bxs-business": 63641,
  "bxs-button-rounded": 63642,
  "bxs-button": 63643,
  "bxs-cabinet": 63644,
  "bxs-cable-car": 63645,
  "bxs-cake-slice": 63646,
  "bxs-calculator": 63647,
  "bxs-calendar-alt-2": 63648,
  "bxs-calendar-alt": 63649,
  "bxs-calendar-check": 63650,
  "bxs-calendar-cog": 63651,
  "bxs-calendar-detail": 63652,
  "bxs-calendar-down-arrow": 63653,
  "bxs-calendar-event": 63654,
  "bxs-calendar-heart": 63655,
  "bxs-calendar-minus": 63656,
  "bxs-calendar-plus": 63657,
  "bxs-calendar-search": 63658,
  "bxs-calendar-star": 63659,
  "bxs-calendar-up-arrow": 63660,
  "bxs-calendar-week": 63661,
  "bxs-calendar-x": 63662,
  "bxs-calendar": 63663,
  "bxs-camcoder": 63664,
  "bxs-camera-alt": 63665,
  "bxs-camera-flip": 63666,
  "bxs-camera-home": 63667,
  "bxs-camera-monochrome": 63668,
  "bxs-camera-plus": 63669,
  "bxs-camera-portrait": 63670,
  "bxs-camera-slash": 63671,
  "bxs-camera-switch": 63672,
  "bxs-camera": 63673,
  "bxs-campfire": 63674,
  "bxs-camping": 63675,
  "bxs-candlestick": 63676,
  "bxs-cannabis": 63677,
  "bxs-cap": 63678,
  "bxs-capitalize": 63679,
  "bxs-capsule": 63680,
  "bxs-captions-cc": 63681,
  "bxs-captions": 63682,
  "bxs-capture": 63683,
  "bxs-car-battery": 63684,
  "bxs-car-key": 63685,
  "bxs-car": 63686,
  "bxs-card-view-large": 63687,
  "bxs-card-view-no-title": 63688,
  "bxs-card-view-small": 63689,
  "bxs-card-view-tiles": 63690,
  "bxs-card-view": 63691,
  "bxs-caret-down-circle": 63692,
  "bxs-caret-down-square": 63693,
  "bxs-caret-down": 63694,
  "bxs-caret-left-circle": 63695,
  "bxs-caret-left-square": 63696,
  "bxs-caret-left": 63697,
  "bxs-caret-right-circle": 63698,
  "bxs-caret-right-square": 63699,
  "bxs-caret-right": 63700,
  "bxs-caret-up-circle": 63701,
  "bxs-caret-up-square": 63702,
  "bxs-caret-up": 63703,
  "bxs-carets-down-up": 63704,
  "bxs-carets-left-right": 63705,
  "bxs-carets-right-left": 63706,
  "bxs-carets-up-down": 63707,
  "bxs-carrot": 63708,
  "bxs-cart-minus": 63709,
  "bxs-cart-plus": 63710,
  "bxs-cart": 63711,
  "bxs-cast": 63712,
  "bxs-castle": 63713,
  "bxs-cat": 63714,
  "bxs-categories": 63715,
  "bxs-cctv": 63716,
  "bxs-certification": 63717,
  "bxs-chair": 63718,
  "bxs-champagne": 63719,
  "bxs-chart-area": 63720,
  "bxs-chart-bar-big-columns": 63721,
  "bxs-chart-bar-big-rows": 63722,
  "bxs-chart-bar-columns": 63723,
  "bxs-chart-bar-rows": 63724,
  "bxs-chart-bubble": 63725,
  "bxs-chart-gantt": 63726,
  "bxs-chart-line": 63727,
  "bxs-chart-network": 63728,
  "bxs-chart-scatter": 63729,
  "bxs-chart-spline": 63730,
  "bxs-chart-stacked-columns": 63731,
  "bxs-chart-stacked-rows": 63732,
  "bxs-chart-trend": 63733,
  "bxs-check-circle": 63734,
  "bxs-check-square": 63735,
  "bxs-check": 63736,
  "bxs-checkbox-checked": 63737,
  "bxs-checkbox-square": 63738,
  "bxs-checkbox": 63739,
  "bxs-checklist": 63740,
  "bxs-checks": 63741,
  "bxs-cheese": 63742,
  "bxs-chef-hat": 63743,
  "bxs-cherry": 63744,
  "bxs-chess-bishop": 63745,
  "bxs-chess-king": 63746,
  "bxs-chess-knight": 63747,
  "bxs-chess-pawn": 63748,
  "bxs-chess-queen": 63749,
  "bxs-chess-rook": 63750,
  "bxs-chess": 63751,
  "bxs-chevron-down-circle": 63752,
  "bxs-chevron-down-square": 63753,
  "bxs-chevron-down": 63754,
  "bxs-chevron-left-circle": 63755,
  "bxs-chevron-left-square": 63756,
  "bxs-chevron-left": 63757,
  "bxs-chevron-right-circle": 63758,
  "bxs-chevron-right-square": 63759,
  "bxs-chevron-right": 63760,
  "bxs-chevron-up-circle": 63761,
  "bxs-chevron-up-square": 63762,
  "bxs-chevron-up": 63763,
  "bxs-chevrons-down-up": 63764,
  "bxs-chevrons-down": 63765,
  "bxs-chevrons-left-right": 63766,
  "bxs-chevrons-left": 63767,
  "bxs-chevrons-right-left": 63768,
  "bxs-chevrons-right": 63769,
  "bxs-chevrons-up-down": 63770,
  "bxs-chevrons-up": 63771,
  "bxs-child": 63772,
  "bxs-chip": 63773,
  "bxs-church": 63774,
  "bxs-cigarette": 63775,
  "bxs-circle-dashed-half": 63776,
  "bxs-circle-dashed": 63777,
  "bxs-circle-half-alt": 63778,
  "bxs-circle-half": 63779,
  "bxs-circle-hexagon": 63780,
  "bxs-circle-outer-dashed-circle": 63781,
  "bxs-circle-quarter-alt": 63782,
  "bxs-circle-quarter": 63783,
  "bxs-circle-three-quarter-alt": 63784,
  "bxs-circle-three-quarter": 63785,
  "bxs-circle": 63786,
  "bxs-city": 63787,
  "bxs-clipboard-check": 63788,
  "bxs-clipboard-code": 63789,
  "bxs-clipboard-detail": 63790,
  "bxs-clipboard-minus": 63791,
  "bxs-clipboard-plus": 63792,
  "bxs-clipboard-x": 63793,
  "bxs-clipboard": 63794,
  "bxs-clock-1": 63795,
  "bxs-clock-10": 63796,
  "bxs-clock-11": 63797,
  "bxs-clock-12": 63798,
  "bxs-clock-2": 63799,
  "bxs-clock-3": 63800,
  "bxs-clock-4": 63801,
  "bxs-clock-5": 63802,
  "bxs-clock-6": 63803,
  "bxs-clock-7": 63804,
  "bxs-clock-8": 63805,
  "bxs-clock-9": 63806,
  "bxs-cloud-alt": 63807,
  "bxs-cloud-drizzle": 63808,
  "bxs-cloud-fog": 63809,
  "bxs-cloud-lightning": 63810,
  "bxs-cloud-moon": 63811,
  "bxs-cloud-rain-wind": 63812,
  "bxs-cloud-rain": 63813,
  "bxs-cloud-snow": 63814,
  "bxs-cloud-sun": 63815,
  "bxs-cloud": 63816,
  "bxs-club": 63817,
  "bxs-cocktail": 63818,
  "bxs-code-alt": 63819,
  "bxs-code": 63820,
  "bxs-coffee-beans": 63821,
  "bxs-coffee-cup": 63822,
  "bxs-coffee": 63823,
  "bxs-cog": 63824,
  "bxs-cognition": 63825,
  "bxs-coin": 63826,
  "bxs-coins": 63827,
  "bxs-col-resize": 63828,
  "bxs-color-fill": 63829,
  "bxs-color-wheel": 63830,
  "bxs-columns-3": 63831,
  "bxs-columns-4": 63832,
  "bxs-columns": 63833,
  "bxs-command": 63834,
  "bxs-community": 63835,
  "bxs-compare-alt": 63836,
  "bxs-compare": 63837,
  "bxs-compass": 63838,
  "bxs-component": 63839,
  "bxs-computer": 63840,
  "bxs-confused": 63841,
  "bxs-connector": 63842,
  "bxs-contact-book": 63843,
  "bxs-contrast": 63844,
  "bxs-cookie": 63845,
  "bxs-cool": 63846,
  "bxs-copy-check": 63847,
  "bxs-copy-list": 63848,
  "bxs-copy-minus": 63849,
  "bxs-copy-plus": 63850,
  "bxs-copy-x": 63851,
  "bxs-copy": 63852,
  "bxs-copyright": 63853,
  "bxs-credit-card-alt": 63854,
  "bxs-credit-card-front": 63855,
  "bxs-credit-card-insert": 63856,
  "bxs-credit-card": 63857,
  "bxs-cricket-ball": 63858,
  "bxs-crop": 63859,
  "bxs-crosshair": 63860,
  "bxs-crown": 63861,
  "bxs-cube-alt": 63862,
  "bxs-cube-inside": 63863,
  "bxs-cube": 63864,
  "bxs-cuboid": 63865,
  "bxs-cup-hot": 63866,
  "bxs-cup-saucer": 63867,
  "bxs-cup-tea": 63868,
  "bxs-cup": 63869,
  "bxs-cupboard-alt": 63870,
  "bxs-cupboard": 63871,
  "bxs-cupcake": 63872,
  "bxs-currency-note": 63873,
  "bxs-currency-notes": 63874,
  "bxs-cursor-add": 63875,
  "bxs-cursor-cell": 63876,
  "bxs-cursor-crosshair-dot": 63877,
  "bxs-cursor-crosshair": 63878,
  "bxs-cursor-pen": 63879,
  "bxs-cursor-pointer": 63880,
  "bxs-cursor": 63881,
  "bxs-cut": 63882,
  "bxs-cycling": 63883,
  "bxs-cylinder": 63884,
  "bxs-dashboard-alt": 63885,
  "bxs-dashboard": 63886,
  "bxs-database-alt": 63887,
  "bxs-database": 63888,
  "bxs-decrease-indent": 63889,
  "bxs-department-store": 63890,
  "bxs-desert": 63891,
  "bxs-desk": 63892,
  "bxs-desktop-alt": 63893,
  "bxs-desktop": 63894,
  "bxs-devices": 63895,
  "bxs-dialpad": 63896,
  "bxs-diameter": 63897,
  "bxs-diamond-alt": 63898,
  "bxs-diamond": 63899,
  "bxs-diamonds": 63900,
  "bxs-dice-1": 63901,
  "bxs-dice-2": 63902,
  "bxs-dice-3": 63903,
  "bxs-dice-4": 63904,
  "bxs-dice-5": 63905,
  "bxs-dice-6": 63906,
  "bxs-dice-roll": 63907,
  "bxs-dino": 63908,
  "bxs-directions": 63909,
  "bxs-disc": 63910,
  "bxs-discount": 63911,
  "bxs-discussion": 63912,
  "bxs-dish": 63913,
  "bxs-dishwasher": 63914,
  "bxs-dislike": 63915,
  "bxs-dizzy": 63916,
  "bxs-dna": 63917,
  "bxs-dock-bottom-alt": 63918,
  "bxs-dock-bottom-arrow": 63919,
  "bxs-dock-bottom-left-alt": 63920,
  "bxs-dock-bottom-left": 63921,
  "bxs-dock-bottom-right-alt": 63922,
  "bxs-dock-bottom-right": 63923,
  "bxs-dock-bottom": 63924,
  "bxs-dock-left-alt": 63925,
  "bxs-dock-left-arrow": 63926,
  "bxs-dock-left": 63927,
  "bxs-dock-right-alt": 63928,
  "bxs-dock-right-arrow": 63929,
  "bxs-dock-right": 63930,
  "bxs-dock-top-alt": 63931,
  "bxs-dock-top-arrow": 63932,
  "bxs-dock-top-left-alt": 63933,
  "bxs-dock-top-left": 63934,
  "bxs-dock-top-right-alt": 63935,
  "bxs-dock-top-right": 63936,
  "bxs-dock-top": 63937,
  "bxs-dog-alt": 63938,
  "bxs-dog": 63939,
  "bxs-dollar-circle-stars": 63940,
  "bxs-dollar-circle": 63941,
  "bxs-dollar": 63942,
  "bxs-donate-blood": 63943,
  "bxs-donate-heart": 63944,
  "bxs-donut": 63945,
  "bxs-door-open": 63946,
  "bxs-door": 63947,
  "bxs-dots-horizontal-rounded-circle": 63948,
  "bxs-dots-horizontal-rounded": 63949,
  "bxs-dots-horizontal": 63950,
  "bxs-dots-vertical-rounded-circle": 63951,
  "bxs-dots-vertical-rounded": 63952,
  "bxs-dots-vertical": 63953,
  "bxs-doughnut-chart": 63954,
  "bxs-draw-ahead": 63955,
  "bxs-draw-behind": 63956,
  "bxs-draw-inside": 63957,
  "bxs-dress": 63958,
  "bxs-dribbling": 63959,
  "bxs-dropdown": 63960,
  "bxs-dryer": 63961,
  "bxs-dumbbell-alt": 63962,
  "bxs-dumbbell": 63963,
  "bxs-ear-alt": 63964,
  "bxs-ear-slash": 63965,
  "bxs-ear": 63966,
  "bxs-earbuds": 63967,
  "bxs-ease-in-out": 63968,
  "bxs-ease-in": 63969,
  "bxs-ease-out": 63970,
  "bxs-edit-alt": 63971,
  "bxs-edit": 63972,
  "bxs-education": 63973,
  "bxs-egg-fried": 63974,
  "bxs-egg-yolk": 63975,
  "bxs-egg": 63976,
  "bxs-eject": 63977,
  "bxs-enterprise": 63978,
  "bxs-envelope-alt": 63979,
  "bxs-envelope-open": 63980,
  "bxs-envelope": 63981,
  "bxs-equal-circle": 63982,
  "bxs-equal-square": 63983,
  "bxs-equal": 63984,
  "bxs-equalizer": 63985,
  "bxs-eraser": 63986,
  "bxs-euro": 63987,
  "bxs-ev-station": 63988,
  "bxs-expand-left": 63989,
  "bxs-expand-right": 63990,
  "bxs-exposure": 63991,
  "bxs-extension": 63992,
  "bxs-eye-alt": 63993,
  "bxs-eye-big": 63994,
  "bxs-eye-closed": 63995,
  "bxs-eye-slash": 63996,
  "bxs-eye": 63997,
  "bxs-eyedropper": 63998,
  "bxs-face-alt-2": 63999,
  "bxs-face-alt-3": 64000,
  "bxs-face-alt-4": 64001,
  "bxs-face-alt": 64002,
  "bxs-face-child": 64003,
  "bxs-face-mask": 64004,
  "bxs-face": 64005,
  "bxs-factory": 64006,
  "bxs-fast-forward-circle": 64007,
  "bxs-fast-forward": 64008,
  "bxs-female": 64009,
  "bxs-file-code": 64010,
  "bxs-file-cog": 64011,
  "bxs-file-detail": 64012,
  "bxs-file-heart": 64013,
  "bxs-file-minus": 64014,
  "bxs-file-plus": 64015,
  "bxs-file-report": 64016,
  "bxs-file-search": 64017,
  "bxs-file-star": 64018,
  "bxs-file-x": 64019,
  "bxs-file-zip": 64020,
  "bxs-file": 64021,
  "bxs-film-roll-alt": 64022,
  "bxs-film-roll": 64023,
  "bxs-film": 64024,
  "bxs-filter": 64025,
  "bxs-finger-down": 64026,
  "bxs-finger-left": 64027,
  "bxs-finger-right": 64028,
  "bxs-finger-swipe-down": 64029,
  "bxs-finger-swipe-left": 64030,
  "bxs-finger-swipe-right": 64031,
  "bxs-finger-swipe-up": 64032,
  "bxs-finger-up": 64033,
  "bxs-fingerprint": 64034,
  "bxs-fire-alt": 64035,
  "bxs-fire-extinguisher": 64036,
  "bxs-fire": 64037,
  "bxs-first": 64038,
  "bxs-fish-alt": 64039,
  "bxs-fish": 64040,
  "bxs-flag-alt-2": 64041,
  "bxs-flag-alt-3": 64042,
  "bxs-flag-alt": 64043,
  "bxs-flag-chequered": 64044,
  "bxs-flag": 64045,
  "bxs-flame": 64046,
  "bxs-flask-round": 64047,
  "bxs-florist": 64048,
  "bxs-flower-alt-2": 64049,
  "bxs-flower-alt": 64050,
  "bxs-flower": 64051,
  "bxs-folder-check": 64052,
  "bxs-folder-code": 64053,
  "bxs-folder-cog": 64054,
  "bxs-folder-down-arrow": 64055,
  "bxs-folder-heart": 64056,
  "bxs-folder-minus": 64057,
  "bxs-folder-open": 64058,
  "bxs-folder-plus": 64059,
  "bxs-folder-search": 64060,
  "bxs-folder-star": 64061,
  "bxs-folder-up-arrow": 64062,
  "bxs-folder-x": 64063,
  "bxs-folder-zip": 64064,
  "bxs-folder": 64065,
  "bxs-font-color": 64066,
  "bxs-font-family": 64067,
  "bxs-food-menu": 64068,
  "bxs-food-tag": 64069,
  "bxs-football-kick": 64070,
  "bxs-football-pitch": 64071,
  "bxs-football": 64072,
  "bxs-footsteps": 64073,
  "bxs-foreground": 64074,
  "bxs-fork-knife": 64075,
  "bxs-fork-spoon": 64076,
  "bxs-fork": 64077,
  "bxs-form": 64078,
  "bxs-forward-big": 64079,
  "bxs-forward-stroke": 64080,
  "bxs-forward": 64081,
  "bxs-frame": 64082,
  "bxs-fridge": 64083,
  "bxs-fullscreen-exit": 64084,
  "bxs-fullscreen": 64085,
  "bxs-functions": 64086,
  "bxs-future": 64087,
  "bxs-gallery-horizontal-end": 64088,
  "bxs-gallery-horizontal": 64089,
  "bxs-gallery-thumbnails": 64090,
  "bxs-gallery-vertical-end": 64091,
  "bxs-gallery-vertical": 64092,
  "bxs-gaming": 64093,
  "bxs-garage": 64094,
  "bxs-gavel": 64095,
  "bxs-gear": 64096,
  "bxs-gem": 64097,
  "bxs-gestures": 64098,
  "bxs-ghost": 64099,
  "bxs-gift": 64100,
  "bxs-git-branch": 64101,
  "bxs-git-commit": 64102,
  "bxs-git-compare": 64103,
  "bxs-git-merge-queue": 64104,
  "bxs-git-merge": 64105,
  "bxs-git-pull-request-closed": 64106,
  "bxs-git-pull-request-draft": 64107,
  "bxs-git-pull-request": 64108,
  "bxs-git-repo-forked": 64109,
  "bxs-glasses-alt": 64110,
  "bxs-glasses": 64111,
  "bxs-globe-africa": 64112,
  "bxs-globe-alt": 64113,
  "bxs-globe-americas": 64114,
  "bxs-globe-antartica": 64115,
  "bxs-globe-asia": 64116,
  "bxs-globe-europe": 64117,
  "bxs-globe-oceania": 64118,
  "bxs-globe-stand": 64119,
  "bxs-globe": 64120,
  "bxs-golf-ball": 64121,
  "bxs-gradient": 64122,
  "bxs-grid-9": 64123,
  "bxs-grid-circle-diagonal-left": 64124,
  "bxs-grid-circle-diagonal-right": 64125,
  "bxs-grid-circle-plus": 64126,
  "bxs-grid-circle": 64127,
  "bxs-grid-column-left": 64128,
  "bxs-grid-column-right": 64129,
  "bxs-grid-plus": 64130,
  "bxs-grid-row-bottom": 64131,
  "bxs-grid-row-top": 64132,
  "bxs-grid-search": 64133,
  "bxs-grid": 64134,
  "bxs-groceries": 64135,
  "bxs-group": 64136,
  "bxs-guitar-amp": 64137,
  "bxs-hail": 64138,
  "bxs-hand-rock": 64139,
  "bxs-hand": 64140,
  "bxs-handheld-alt-1": 64141,
  "bxs-handheld-alt": 64142,
  "bxs-handheld": 64143,
  "bxs-handshake": 64144,
  "bxs-hanger": 64145,
  "bxs-happy-alt": 64146,
  "bxs-happy-beaming": 64147,
  "bxs-happy-heart-eyes": 64148,
  "bxs-happy": 64149,
  "bxs-hard-drive": 64150,
  "bxs-hard-hat": 64151,
  "bxs-hashtag": 64152,
  "bxs-hdmi": 64153,
  "bxs-head": 64154,
  "bxs-heading-1": 64155,
  "bxs-heading-2": 64156,
  "bxs-heading-3": 64157,
  "bxs-heading": 64158,
  "bxs-headphone-alt-2": 64159,
  "bxs-headphone-alt": 64160,
  "bxs-headphone-mic": 64161,
  "bxs-headphone": 64162,
  "bxs-heart-break": 64163,
  "bxs-heart-circle": 64164,
  "bxs-heart-half": 64165,
  "bxs-heart-plus": 64166,
  "bxs-heart-square": 64167,
  "bxs-heart": 64168,
  "bxs-heat-wave": 64169,
  "bxs-helmet": 64170,
  "bxs-help-circle": 64171,
  "bxs-help-octagon": 64172,
  "bxs-hexagon": 64173,
  "bxs-high-speed-train": 64174,
  "bxs-highlight": 64175,
  "bxs-highlights": 64176,
  "bxs-history": 64177,
  "bxs-home-add": 64178,
  "bxs-home-alt-2": 64179,
  "bxs-home-alt-3": 64180,
  "bxs-home-alt": 64181,
  "bxs-home-circle": 64182,
  "bxs-home-heart": 64183,
  "bxs-home": 64184,
  "bxs-honey": 64185,
  "bxs-horizon-sea": 64186,
  "bxs-horizontal-align-center": 64187,
  "bxs-horizontal-align-left": 64188,
  "bxs-horizontal-align-right": 64189,
  "bxs-horizontal-center": 64190,
  "bxs-horizontal-distribute-center": 64191,
  "bxs-horizontal-distribute-left": 64192,
  "bxs-horizontal-distribute-right": 64193,
  "bxs-horizontal-left": 64194,
  "bxs-horizontal-right": 64195,
  "bxs-horizontal-spacing": 64196,
  "bxs-hospital": 64197,
  "bxs-hot-tub-water": 64198,
  "bxs-hot-tub": 64199,
  "bxs-hot": 64200,
  "bxs-hourglass": 64201,
  "bxs-hurricane": 64202,
  "bxs-icecream": 64203,
  "bxs-iframe": 64204,
  "bxs-image-alt": 64205,
  "bxs-image-circle": 64206,
  "bxs-image-landscape": 64207,
  "bxs-image-no-background": 64208,
  "bxs-image-plus": 64209,
  "bxs-image-portrait": 64210,
  "bxs-image": 64211,
  "bxs-images": 64212,
  "bxs-inbox": 64213,
  "bxs-infinite": 64214,
  "bxs-info-circle": 64215,
  "bxs-info-octagon": 64216,
  "bxs-info-shield": 64217,
  "bxs-info-square": 64218,
  "bxs-inner-shadow": 64219,
  "bxs-institution": 64220,
  "bxs-intellect": 64221,
  "bxs-invert-adjust": 64222,
  "bxs-invert": 64223,
  "bxs-island": 64224,
  "bxs-italic": 64225,
  "bxs-joystick-alt": 64226,
  "bxs-joystick-button": 64227,
  "bxs-joystick": 64228,
  "bxs-key-alt": 64229,
  "bxs-key": 64230,
  "bxs-keyboard": 64231,
  "bxs-keyframe-ease-in": 64232,
  "bxs-keyframe-ease-out": 64233,
  "bxs-keyframe-easy-ease": 64234,
  "bxs-keyframe-hold-ease-in": 64235,
  "bxs-keyframe-hold-ease-out": 64236,
  "bxs-keyframe-hold-linear-in": 64237,
  "bxs-keyframe-hold-linear-out": 64238,
  "bxs-keyframe": 64239,
  "bxs-knife": 64240,
  "bxs-landmark": 64241,
  "bxs-laptop-alt": 64242,
  "bxs-laptop": 64243,
  "bxs-lasso": 64244,
  "bxs-last": 64245,
  "bxs-laugh": 64246,
  "bxs-law": 64247,
  "bxs-layers-alt": 64248,
  "bxs-layers-down-left": 64249,
  "bxs-layers-down-right": 64250,
  "bxs-layers-minus-alt": 64251,
  "bxs-layers-plus-alt": 64252,
  "bxs-layers": 64253,
  "bxs-layout-check": 64254,
  "bxs-layout-minus": 64255,
  "bxs-layout-plus": 64256,
  "bxs-layout-search": 64257,
  "bxs-layout": 64258,
  "bxs-leaf-alt": 64259,
  "bxs-leaf": 64260,
  "bxs-left-indent": 64261,
  "bxs-lemon": 64262,
  "bxs-letter-spacing-alt": 64263,
  "bxs-letter-spacing": 64264,
  "bxs-light-bulb-alt": 64265,
  "bxs-light-bulb-on": 64266,
  "bxs-light-bulb": 64267,
  "bxs-lightbulb-alt-2": 64268,
  "bxs-like": 64269,
  "bxs-line-chart-square": 64270,
  "bxs-line-spacing-alt": 64271,
  "bxs-line-spacing": 64272,
  "bxs-link-alt": 64273,
  "bxs-link-break": 64274,
  "bxs-link": 64275,
  "bxs-lira": 64276,
  "bxs-list-minus": 64277,
  "bxs-list-music": 64278,
  "bxs-list-ol": 64279,
  "bxs-list-play": 64280,
  "bxs-list-plus": 64281,
  "bxs-list-square": 64282,
  "bxs-list-ul-square": 64283,
  "bxs-list-ul": 64284,
  "bxs-list-x": 64285,
  "bxs-list": 64287,
  "bxs-loader-dots": 64288,
  "bxs-loader-lines": 64289,
  "bxs-location-alt-2": 64290,
  "bxs-location-alt": 64291,
  "bxs-location-blank": 64292,
  "bxs-location-check": 64293,
  "bxs-location-pin": 64294,
  "bxs-location-plus": 64295,
  "bxs-location-x": 64296,
  "bxs-location": 64297,
  "bxs-lock-keyhole-open-alt": 64298,
  "bxs-lock-keyhole-open": 64299,
  "bxs-lock-keyhole": 64300,
  "bxs-lock-open-alt": 64301,
  "bxs-lock-open": 64302,
  "bxs-lock": 64303,
  "bxs-lotion": 64304,
  "bxs-low-vision": 64305,
  "bxs-lowercase": 64306,
  "bxs-luggage": 64307,
  "bxs-lungs": 64308,
  "bxs-magic-wand": 64309,
  "bxs-magnet": 64310,
  "bxs-mail-open": 64311,
  "bxs-male": 64312,
  "bxs-man-woman": 64313,
  "bxs-man": 64314,
  "bxs-map": 64315,
  "bxs-margin-bottom": 64316,
  "bxs-margin-left": 64317,
  "bxs-margin-right": 64318,
  "bxs-margin-top": 64319,
  "bxs-martini": 64320,
  "bxs-mask": 64321,
  "bxs-math-alt": 64322,
  "bxs-math": 64323,
  "bxs-meat": 64324,
  "bxs-medal-alt-2": 64325,
  "bxs-medal-alt": 64326,
  "bxs-medal-star-alt-2": 64327,
  "bxs-medal-star-alt": 64328,
  "bxs-medal-star": 64329,
  "bxs-medal": 64330,
  "bxs-medical-flask": 64331,
  "bxs-medical-kit": 64332,
  "bxs-megaphone-alt": 64333,
  "bxs-megaphone": 64334,
  "bxs-meh-alt": 64335,
  "bxs-meh-blank": 64336,
  "bxs-meh": 64337,
  "bxs-menu-close": 64338,
  "bxs-menu-filter": 64339,
  "bxs-menu-left": 64340,
  "bxs-menu-right": 64341,
  "bxs-menu-search": 64342,
  "bxs-menu-select": 64343,
  "bxs-menu-wide": 64344,
  "bxs-menu-wider": 64345,
  "bxs-menu": 64346,
  "bxs-mesh": 64347,
  "bxs-message-bubble-captions": 64348,
  "bxs-message-bubble-check": 64349,
  "bxs-message-bubble-code": 64350,
  "bxs-message-bubble-detail": 64351,
  "bxs-message-bubble-dots-2": 64352,
  "bxs-message-bubble-dots": 64353,
  "bxs-message-bubble-edit": 64354,
  "bxs-message-bubble-exclamation": 64355,
  "bxs-message-bubble-heart": 64356,
  "bxs-message-bubble-image": 64357,
  "bxs-message-bubble-minus": 64358,
  "bxs-message-bubble-notification": 64359,
  "bxs-message-bubble-plus": 64360,
  "bxs-message-bubble-question-mark": 64361,
  "bxs-message-bubble-reply": 64362,
  "bxs-message-bubble-star": 64363,
  "bxs-message-bubble-x": 64364,
  "bxs-message-bubble": 64365,
  "bxs-message-captions": 64366,
  "bxs-message-check": 64367,
  "bxs-message-circle-captions": 64368,
  "bxs-message-circle-check": 64369,
  "bxs-message-circle-code": 64370,
  "bxs-message-circle-detail": 64371,
  "bxs-message-circle-dots-2": 64372,
  "bxs-message-circle-dots": 64373,
  "bxs-message-circle-edit": 64374,
  "bxs-message-circle-exclamation": 64375,
  "bxs-message-circle-heart": 64376,
  "bxs-message-circle-image": 64377,
  "bxs-message-circle-minus": 64378,
  "bxs-message-circle-notification": 64379,
  "bxs-message-circle-plus": 64380,
  "bxs-message-circle-question-mark": 64381,
  "bxs-message-circle-reply": 64382,
  "bxs-message-circle-star": 64383,
  "bxs-message-circle-x": 64384,
  "bxs-message-circle": 64385,
  "bxs-message-code": 64386,
  "bxs-message-detail": 64387,
  "bxs-message-dots-2": 64388,
  "bxs-message-dots": 64389,
  "bxs-message-edit": 64390,
  "bxs-message-exclamation": 64391,
  "bxs-message-heart": 64392,
  "bxs-message-image": 64393,
  "bxs-message-minus": 64394,
  "bxs-message-notification": 64395,
  "bxs-message-plus": 64396,
  "bxs-message-question-mark": 64397,
  "bxs-message-reply": 64398,
  "bxs-message-star": 64399,
  "bxs-message-x": 64400,
  "bxs-message": 64401,
  "bxs-meteor": 64402,
  "bxs-microchip": 64403,
  "bxs-microphone-alt-2": 64404,
  "bxs-microphone-alt": 64405,
  "bxs-microphone-big-alt": 64406,
  "bxs-microphone-big": 64407,
  "bxs-microphone-slash": 64408,
  "bxs-microphone": 64409,
  "bxs-microwave-oven": 64410,
  "bxs-milk-bottle": 64411,
  "bxs-minus-circle": 64412,
  "bxs-minus-shield": 64413,
  "bxs-minus-square": 64414,
  "bxs-minus": 64415,
  "bxs-mobile-alt-1": 64416,
  "bxs-mobile-alt": 64417,
  "bxs-mobile-back-alt-1": 64418,
  "bxs-mobile-back-alt": 64419,
  "bxs-mobile-back": 64420,
  "bxs-mobile-ring": 64421,
  "bxs-mobile": 64422,
  "bxs-moon-crater": 64423,
  "bxs-moon-phase-0": 64424,
  "bxs-moon-phase-1": 64425,
  "bxs-moon-phase-2": 64426,
  "bxs-moon-phase-3": 64427,
  "bxs-moon-phase-4": 64428,
  "bxs-moon-phase-5": 64429,
  "bxs-moon-phase-6": 64430,
  "bxs-moon-star": 64431,
  "bxs-moon": 64432,
  "bxs-mosque": 64433,
  "bxs-motion-alt": 64434,
  "bxs-motion": 64435,
  "bxs-motorcycle": 64436,
  "bxs-mountain-peak": 64437,
  "bxs-mountain-view": 64438,
  "bxs-mouse-alt": 64439,
  "bxs-mouse": 64440,
  "bxs-move-diagonal-left": 64441,
  "bxs-move-diagonal-right": 64442,
  "bxs-move-horizontal": 64443,
  "bxs-move-vertical": 64444,
  "bxs-move": 64445,
  "bxs-movie-play": 64446,
  "bxs-movie": 64447,
  "bxs-music-alt": 64448,
  "bxs-music-library": 64449,
  "bxs-music": 64450,
  "bxs-network-chart": 64451,
  "bxs-news": 64452,
  "bxs-newspaper": 64453,
  "bxs-night-light": 64454,
  "bxs-no-entry": 64455,
  "bxs-noise": 64456,
  "bxs-note-book": 64457,
  "bxs-note": 64458,
  "bxs-notification-slash": 64459,
  "bxs-notification": 64460,
  "bxs-nut": 64461,
  "bxs-octopus": 64462,
  "bxs-outdoor-dining": 64463,
  "bxs-outer-shadow": 64464,
  "bxs-oval-vertical": 64465,
  "bxs-oval": 64466,
  "bxs-oven": 64467,
  "bxs-owl": 64468,
  "bxs-package": 64469,
  "bxs-pacman": 64470,
  "bxs-paint-alt": 64471,
  "bxs-paint-roll": 64472,
  "bxs-paint": 64473,
  "bxs-palette": 64474,
  "bxs-pant": 64475,
  "bxs-paper-plane": 64476,
  "bxs-paperclip": 64477,
  "bxs-paragraph-spacing": 64478,
  "bxs-paragraph": 64479,
  "bxs-parent-child": 64480,
  "bxs-party": 64481,
  "bxs-paste": 64482,
  "bxs-pause-circle": 64483,
  "bxs-pause": 64484,
  "bxs-paw-print": 64485,
  "bxs-pear": 64486,
  "bxs-pen-alt": 64487,
  "bxs-pen-draw": 64488,
  "bxs-pen-edit-circle": 64489,
  "bxs-pen-minus": 64490,
  "bxs-pen-plus": 64491,
  "bxs-pen": 64492,
  "bxs-pencil-circle": 64493,
  "bxs-pencil-draw": 64494,
  "bxs-pencil-edit-circle": 64495,
  "bxs-pencil-sparkles": 64496,
  "bxs-pencil-square": 64497,
  "bxs-pencil": 64498,
  "bxs-pentagon": 64499,
  "bxs-people-diversity": 64500,
  "bxs-people-handshake": 64501,
  "bxs-people-heart": 64502,
  "bxs-percentage": 64503,
  "bxs-perspective": 64504,
  "bxs-petrol-pump": 64505,
  "bxs-pharmacy": 64506,
  "bxs-phone-book": 64507,
  "bxs-phone-forwarding": 64508,
  "bxs-phone-incoming": 64509,
  "bxs-phone-outgoing": 64510,
  "bxs-phone-plus": 64511,
  "bxs-phone-ring": 64512,
  "bxs-phone-x": 64513,
  "bxs-phone": 64514,
  "bxs-photo-album": 64515,
  "bxs-piano-alt": 64516,
  "bxs-piano-grand": 64517,
  "bxs-piano": 64518,
  "bxs-pickup-truck": 64519,
  "bxs-picture-in-picture-close": 64520,
  "bxs-picture-in-picture": 64521,
  "bxs-pie-chart-alt-2": 64522,
  "bxs-pie-chart-alt": 64523,
  "bxs-pie-chart": 64524,
  "bxs-piggy-bank": 64525,
  "bxs-pill-bottle-alt": 64526,
  "bxs-pill-bottle": 64527,
  "bxs-pill": 64528,
  "bxs-pin-alt": 64529,
  "bxs-pin-slash-alt": 64530,
  "bxs-pin": 64531,
  "bxs-pizza-alt": 64532,
  "bxs-pizza": 64533,
  "bxs-plane-alt": 64534,
  "bxs-plane-land": 64535,
  "bxs-plane-take-off": 64536,
  "bxs-plane": 64537,
  "bxs-planet": 64538,
  "bxs-plant-pot": 64539,
  "bxs-play-circle-alt": 64540,
  "bxs-play-circle": 64541,
  "bxs-play": 64542,
  "bxs-plug-connect": 64543,
  "bxs-plus-big": 64544,
  "bxs-plus-circle": 64545,
  "bxs-plus-shield": 64546,
  "bxs-plus-square": 64547,
  "bxs-plus": 64548,
  "bxs-podcast": 64549,
  "bxs-polar-chart": 64550,
  "bxs-poll": 64551,
  "bxs-polygon": 64552,
  "bxs-popsicle": 64553,
  "bxs-pound": 64554,
  "bxs-prawn": 64555,
  "bxs-price-tag-alt": 64556,
  "bxs-price-tag": 64557,
  "bxs-print-dollar": 64558,
  "bxs-printer": 64559,
  "bxs-psychology": 64560,
  "bxs-puck": 64561,
  "bxs-pulse": 64562,
  "bxs-pyramid": 64563,
  "bxs-qr-scan": 64564,
  "bxs-qr": 64565,
  "bxs-queue": 64566,
  "bxs-quote-left-alt": 64567,
  "bxs-quote-left": 64568,
  "bxs-quote-right-alt": 64569,
  "bxs-quote-right": 64570,
  "bxs-quote-single-left": 64571,
  "bxs-quote-single-right": 64572,
  "bxs-radar": 64573,
  "bxs-radiation": 64574,
  "bxs-radio-circle-marked": 64575,
  "bxs-radio-circle": 64576,
  "bxs-radio": 64577,
  "bxs-rainbow": 64578,
  "bxs-reading-glass": 64579,
  "bxs-reading": 64580,
  "bxs-receipt": 64581,
  "bxs-rectangle-vertical": 64582,
  "bxs-rectangle-wide": 64583,
  "bxs-rectangle": 64584,
  "bxs-recycle": 64585,
  "bxs-redo-alt": 64586,
  "bxs-redo-stroke-alt": 64587,
  "bxs-redo-stroke": 64588,
  "bxs-redo": 64589,
  "bxs-refresh-ccw-alt-dot": 64590,
  "bxs-refresh-ccw-alt": 64591,
  "bxs-refresh-ccw-dot": 64592,
  "bxs-refresh-ccw": 64593,
  "bxs-refresh-cw-alt-dot": 64594,
  "bxs-refresh-cw-alt": 64595,
  "bxs-refresh-cw-dot": 64596,
  "bxs-refresh-cw": 64597,
  "bxs-registered": 64598,
  "bxs-rename": 64599,
  "bxs-repeat-alt-2": 64600,
  "bxs-repeat-alt": 64601,
  "bxs-repeat": 64602,
  "bxs-reply-big": 64603,
  "bxs-reply-stroke": 64604,
  "bxs-reply": 64605,
  "bxs-report": 64606,
  "bxs-rewind-circle": 64607,
  "bxs-rewind": 64608,
  "bxs-rfid": 64609,
  "bxs-rgb": 64610,
  "bxs-right-angle-triangle-half": 64611,
  "bxs-right-angle-triangle": 64612,
  "bxs-right-indent": 64613,
  "bxs-robot": 64614,
  "bxs-rocket-alt": 64615,
  "bxs-rocket": 64616,
  "bxs-rotate-ccw-10": 64617,
  "bxs-rotate-ccw-30": 64618,
  "bxs-rotate-ccw-5": 64619,
  "bxs-rotate-ccw-dot": 64620,
  "bxs-rotate-ccw": 64621,
  "bxs-rotate-cw-10": 64622,
  "bxs-rotate-cw-30": 64623,
  "bxs-rotate-cw-5": 64624,
  "bxs-rotate-cw-dot": 64625,
  "bxs-rotate-cw": 64626,
  "bxs-rotate-square-ccw": 64627,
  "bxs-rotate-square-cw": 64628,
  "bxs-row-resize": 64629,
  "bxs-rows-3": 64630,
  "bxs-rows-4": 64631,
  "bxs-rows": 64632,
  "bxs-rss": 64633,
  "bxs-ruble": 64634,
  "bxs-rugby-ball": 64635,
  "bxs-ruler": 64636,
  "bxs-running": 64637,
  "bxs-rupee": 64638,
  "bxs-sad": 64639,
  "bxs-safe": 64640,
  "bxs-sandwich": 64641,
  "bxs-sapling": 64642,
  "bxs-save": 64643,
  "bxs-scale": 64644,
  "bxs-scan-ar": 64645,
  "bxs-scan-barcode": 64646,
  "bxs-scan-detail": 64647,
  "bxs-scan-face": 64648,
  "bxs-scan-search": 64649,
  "bxs-scan": 64650,
  "bxs-school-bus": 64651,
  "bxs-school": 64652,
  "bxs-science": 64653,
  "bxs-scooter-delivery": 64654,
  "bxs-scooter": 64655,
  "bxs-screen-light": 64656,
  "bxs-screenshot": 64657,
  "bxs-scroll": 64658,
  "bxs-sd-card": 64659,
  "bxs-sea-view": 64660,
  "bxs-seal": 64661,
  "bxs-search-alt": 64662,
  "bxs-search-big": 64663,
  "bxs-search-code": 64664,
  "bxs-search-minus": 64665,
  "bxs-search-plus": 64666,
  "bxs-search": 64667,
  "bxs-select-all": 64668,
  "bxs-select-many": 64669,
  "bxs-select-none": 64670,
  "bxs-select": 64671,
  "bxs-send-alt-2": 64672,
  "bxs-send-alt": 64673,
  "bxs-send": 64674,
  "bxs-server": 64675,
  "bxs-shadows": 64676,
  "bxs-shape-exclude-alt": 64677,
  "bxs-shape-exclude": 64678,
  "bxs-shape-intersect-alt": 64679,
  "bxs-shape-intersect": 64680,
  "bxs-shape-outline-alt": 64681,
  "bxs-shape-outline": 64682,
  "bxs-shape-rotate-ccw": 64683,
  "bxs-shape-rotate-cw": 64684,
  "bxs-shape-subtract-alt": 64685,
  "bxs-shape-subtract": 64686,
  "bxs-shape-trim-alt": 64687,
  "bxs-shape-trim": 64688,
  "bxs-shape-unite-alt": 64689,
  "bxs-shape-unite": 64690,
  "bxs-shapes-alt": 64691,
  "bxs-shapes": 64692,
  "bxs-share": 64693,
  "bxs-shekel": 64694,
  "bxs-shield-alt-2": 64695,
  "bxs-shield-alt": 64696,
  "bxs-shield-circle": 64697,
  "bxs-shield-half": 64698,
  "bxs-shield-quarter": 64699,
  "bxs-shield": 64700,
  "bxs-ship": 64701,
  "bxs-shocked": 64702,
  "bxs-shopping-bag-alt": 64703,
  "bxs-shopping-bag": 64704,
  "bxs-shower": 64705,
  "bxs-shrink-left": 64706,
  "bxs-shrink-right": 64707,
  "bxs-shuffle": 64708,
  "bxs-shutter-alt": 64709,
  "bxs-shutter": 64710,
  "bxs-shuttlecock": 64711,
  "bxs-sidebar-right": 64712,
  "bxs-sidebar": 64713,
  "bxs-signal-1": 64714,
  "bxs-signal-2": 64715,
  "bxs-signal-3": 64716,
  "bxs-signal-4": 64717,
  "bxs-signal-5": 64718,
  "bxs-signal-slash": 64719,
  "bxs-signature": 64720,
  "bxs-siren-alt": 64721,
  "bxs-siren": 64722,
  "bxs-sitemap": 64723,
  "bxs-size-distort": 64724,
  "bxs-size-freeform": 64725,
  "bxs-size-uniform": 64726,
  "bxs-skateboard": 64727,
  "bxs-skip-next-circle": 64728,
  "bxs-skip-next": 64729,
  "bxs-skip-previous-circle": 64730,
  "bxs-skip-previous": 64731,
  "bxs-skirt": 64732,
  "bxs-sleepy": 64733,
  "bxs-slice": 64734,
  "bxs-slider-alt": 64735,
  "bxs-slider-vertical-alt": 64736,
  "bxs-slider-vertical": 64737,
  "bxs-slider": 64738,
  "bxs-slideshow": 64739,
  "bxs-smile": 64740,
  "bxs-smoke-alarm": 64741,
  "bxs-sneaker": 64742,
  "bxs-snowflake": 64743,
  "bxs-sock": 64744,
  "bxs-solar-panel": 64745,
  "bxs-spa": 64746,
  "bxs-spacebar": 64747,
  "bxs-spade": 64748,
  "bxs-spanner": 64749,
  "bxs-sparkle-circle": 64750,
  "bxs-sparkle-square": 64751,
  "bxs-sparkle": 64752,
  "bxs-sparkles-alt": 64753,
  "bxs-sparkles": 64754,
  "bxs-speaker": 64755,
  "bxs-split": 64756,
  "bxs-spoon": 64757,
  "bxs-spray-can": 64758,
  "bxs-square-dashed-half": 64759,
  "bxs-square-dashed": 64760,
  "bxs-square-rounded": 64761,
  "bxs-square-small": 64762,
  "bxs-square": 64763,
  "bxs-squircle": 64764,
  "bxs-stadium": 64765,
  "bxs-stamp": 64766,
  "bxs-star-circle": 64767,
  "bxs-star-half": 64768,
  "bxs-star-square": 64769,
  "bxs-star": 64770,
  "bxs-station": 64771,
  "bxs-steering-wheel": 64772,
  "bxs-steps-down": 64773,
  "bxs-steps-up": 64774,
  "bxs-sticker": 64775,
  "bxs-stop-circle": 64776,
  "bxs-stop": 64777,
  "bxs-stopwatch": 64778,
  "bxs-store-alt-2": 64779,
  "bxs-store-alt": 64780,
  "bxs-store": 64781,
  "bxs-strategy": 64782,
  "bxs-street-view": 64783,
  "bxs-strikethrough": 64784,
  "bxs-stroke-drawing": 64785,
  "bxs-stroke-freehand": 64786,
  "bxs-stroke-ink": 64787,
  "bxs-stroke-pen": 64788,
  "bxs-subscript": 64789,
  "bxs-subway": 64790,
  "bxs-sun-bright": 64791,
  "bxs-sun-dim": 64792,
  "bxs-sun-drizzle": 64793,
  "bxs-sun-fog": 64794,
  "bxs-sun-rain-wind": 64795,
  "bxs-sun-rain": 64796,
  "bxs-sun-rise": 64797,
  "bxs-sun-set": 64798,
  "bxs-sun-snow": 64799,
  "bxs-sun": 64800,
  "bxs-superscript": 64801,
  "bxs-surfboard": 64802,
  "bxs-sushi": 64803,
  "bxs-swap-diagonal": 64804,
  "bxs-swap-horizontal": 64805,
  "bxs-swap-vertical": 64806,
  "bxs-swatch": 64807,
  "bxs-swimming-pool": 64808,
  "bxs-swimming": 64809,
  "bxs-sword-alt": 64810,
  "bxs-sword": 64811,
  "bxs-syringe": 64812,
  "bxs-t-shirt": 64813,
  "bxs-tab": 64814,
  "bxs-table-cells-large": 64815,
  "bxs-table-cells": 64816,
  "bxs-table-columns-merge": 64817,
  "bxs-table-columns-split": 64818,
  "bxs-table-columns": 64819,
  "bxs-table-layout": 64820,
  "bxs-table-list": 64821,
  "bxs-table-rows-merge": 64822,
  "bxs-table-rows-split": 64823,
  "bxs-table-rows": 64824,
  "bxs-table-tennis": 64825,
  "bxs-table": 64826,
  "bxs-tablet": 64827,
  "bxs-tabs": 64828,
  "bxs-tachometer-alt": 64829,
  "bxs-tachometer": 64830,
  "bxs-taco": 64831,
  "bxs-tag-alt": 64832,
  "bxs-tag-x": 64833,
  "bxs-tag": 64834,
  "bxs-takeaway": 64835,
  "bxs-target": 64836,
  "bxs-taxi": 64837,
  "bxs-temple": 64838,
  "bxs-tennis-ball-alt": 64839,
  "bxs-tennis-ball": 64840,
  "bxs-tennis": 64841,
  "bxs-tent": 64842,
  "bxs-terminal": 64843,
  "bxs-test-tube": 64844,
  "bxs-text-height": 64845,
  "bxs-text-underline": 64846,
  "bxs-text-width": 64847,
  "bxs-texture": 64848,
  "bxs-thermometer": 64849,
  "bxs-thread-roll": 64850,
  "bxs-thunder": 64851,
  "bxs-ticket-star": 64852,
  "bxs-ticket": 64853,
  "bxs-tickets": 64854,
  "bxs-timer": 64855,
  "bxs-tiny-home": 64856,
  "bxs-tired": 64857,
  "bxs-toggle-left": 64858,
  "bxs-toggle-right": 64859,
  "bxs-toggles": 64860,
  "bxs-toilet-roll": 64861,
  "bxs-tooth": 64862,
  "bxs-torch": 64863,
  "bxs-tornado": 64864,
  "bxs-torus": 64865,
  "bxs-towel": 64866,
  "bxs-toy-car": 64867,
  "bxs-traffic-barrier": 64868,
  "bxs-traffic-cone": 64869,
  "bxs-train": 64870,
  "bxs-tram": 64871,
  "bxs-transgender": 64872,
  "bxs-translate": 64873,
  "bxs-transparency": 64874,
  "bxs-trash-alt": 64875,
  "bxs-trash-x": 64876,
  "bxs-trash": 64877,
  "bxs-treasure-chest": 64878,
  "bxs-tree-alt": 64879,
  "bxs-tree": 64880,
  "bxs-trees": 64881,
  "bxs-trending-down": 64882,
  "bxs-trending-up": 64883,
  "bxs-triangle-half": 64884,
  "bxs-triangle": 64885,
  "bxs-trip": 64886,
  "bxs-trophy-star": 64887,
  "bxs-trophy": 64888,
  "bxs-truck": 64889,
  "bxs-turkey-meat": 64890,
  "bxs-turn-down": 64891,
  "bxs-turn-left": 64892,
  "bxs-turn-right": 64893,
  "bxs-turn-up": 64894,
  "bxs-tv-alt": 64895,
  "bxs-tv": 64896,
  "bxs-ufo": 64897,
  "bxs-umbrella-alt": 64898,
  "bxs-umbrella": 64899,
  "bxs-underline-dashed": 64900,
  "bxs-underline-dotted": 64901,
  "bxs-underline-wavy": 64902,
  "bxs-underline": 64903,
  "bxs-undershirt": 64904,
  "bxs-undo-alt": 64905,
  "bxs-undo-stroke-alt": 64906,
  "bxs-undo-stroke": 64907,
  "bxs-undo": 64908,
  "bxs-universal-access": 64909,
  "bxs-unlink-alt": 64910,
  "bxs-unlink": 64911,
  "bxs-uppercase": 64912,
  "bxs-upside-down": 64913,
  "bxs-usb": 64914,
  "bxs-user-check": 64915,
  "bxs-user-circle": 64916,
  "bxs-user-hexagon": 64917,
  "bxs-user-id-card": 64918,
  "bxs-user-minus": 64919,
  "bxs-user-plus": 64920,
  "bxs-user-search": 64921,
  "bxs-user-square": 64922,
  "bxs-user-voice": 64923,
  "bxs-user-x": 64924,
  "bxs-user": 64925,
  "bxs-van": 64926,
  "bxs-vector-square": 64927,
  "bxs-vector-triangle": 64928,
  "bxs-vector": 64929,
  "bxs-vertical-align-bottom": 64930,
  "bxs-vertical-align-center": 64931,
  "bxs-vertical-align-top": 64932,
  "bxs-vertical-bottom": 64933,
  "bxs-vertical-center": 64934,
  "bxs-vertical-distribute-bottom": 64935,
  "bxs-vertical-distribute-center": 64936,
  "bxs-vertical-distribute-top": 64937,
  "bxs-vertical-spacing": 64938,
  "bxs-vertical-top": 64939,
  "bxs-vial-alt": 64940,
  "bxs-vial": 64941,
  "bxs-video-cinema": 64942,
  "bxs-video-plus": 64943,
  "bxs-video-slash": 64944,
  "bxs-video": 64945,
  "bxs-vignette": 64946,
  "bxs-virus-slash": 64947,
  "bxs-virus": 64948,
  "bxs-voicemail": 64949,
  "bxs-volleyball": 64950,
  "bxs-volume-full": 64951,
  "bxs-volume-low": 64952,
  "bxs-volume-mute": 64953,
  "bxs-volume": 64954,
  "bxs-vr-goggles": 64955,
  "bxs-vr-headset": 64956,
  "bxs-walking": 64957,
  "bxs-wall": 64958,
  "bxs-wallet-alt": 64959,
  "bxs-wallet-cards": 64960,
  "bxs-wallet-note": 64961,
  "bxs-wallet": 64962,
  "bxs-warehouse": 64963,
  "bxs-washer": 64964,
  "bxs-water-drop-alt": 64965,
  "bxs-water-drop-half": 64966,
  "bxs-water-drop": 64967,
  "bxs-water-spray": 64968,
  "bxs-water": 64969,
  "bxs-watermelon": 64970,
  "bxs-waveform": 64971,
  "bxs-webcam": 64972,
  "bxs-whiteboard-alt": 64973,
  "bxs-whiteboard": 64974,
  "bxs-widget-horizontal": 64975,
  "bxs-widget-small": 64976,
  "bxs-widget-vertical": 64977,
  "bxs-widget": 64978,
  "bxs-wifi-0": 64979,
  "bxs-wifi-1": 64980,
  "bxs-wifi-2": 64981,
  "bxs-wifi-slash": 64982,
  "bxs-wifi": 64983,
  "bxs-wind": 64984,
  "bxs-window-arrow-in": 64985,
  "bxs-window-arrow-out": 64986,
  "bxs-window-mac-alt": 64987,
  "bxs-window-mac": 64988,
  "bxs-window": 64989,
  "bxs-windows": 64990,
  "bxs-wine-alt": 64991,
  "bxs-wine": 64992,
  "bxs-wink-smile": 64993,
  "bxs-wink-tongue": 64994,
  "bxs-woman": 64995,
  "bxs-won": 64996,
  "bxs-wrist-watch-alt": 64997,
  "bxs-wrist-watch-round-alt": 64998,
  "bxs-wrist-watch-round": 64999,
  "bxs-wrist-watch": 65000,
  "bxs-x-circle": 65001,
  "bxs-x-shield": 65002,
  "bxs-x-square": 65003,
  "bxs-x": 65004,
  "bxs-yarn-ball": 65005,
  "bxs-yen": 65006,
  "bxs-yin-yang": 65007
}